Incident Date,Facility Reference Number,Licence Holder,Site Common Name,Latitude,Longitude,Aquaculture Management Unit,Mitigation
2010-12-31,304,Mainstream Canada,Raza Island,50.32159,-125.00882,Discovery Islands,In-Feed Treatment
2010-12-31,1336,Mainstream Canada,Simmonds Point,50.87791,-126.90153,Broughton Archipelago,In-Feed Treatment
2011-01-01,1586,Marine Harvest Canada,Doctor Islets,50.65373,-126.28925,Broughton Archipelago,In-Feed Treatment
2011-01-01,141,Marine Harvest Canada,Port Elizabeth,50.67099,-126.47653,Broughton Archipelago,In-Feed Treatment
2011-01-09,1145,Marine Harvest Canada,Potts Bay,50.6492,-126.6182,Broughton Archipelago,In-Feed Treatment
2011-01-27,1144,Mainstream Canada,Burdwood,50.7969,-126.49581,Broughton Archipelago,In-Feed Treatment
2011-02-05,540,Mainstream Canada,Fortune Channel,49.23503,-125.75174,Clayoquot Sound,In-Feed Treatment
2011-02-07,1376,Marine Harvest Canada,Cleagh Creek,50.48187917,-127.7336708,Quatsino Sound,In-Feed Treatment
2011-02-08,303,Marine Harvest Canada,Glacial Creek,50.01008,-123.90241,Sunshine Coast,In-Feed Treatment
2011-02-18,1507,Mainstream Canada,Millar Channel,49.37622,-126.09003,Clayoquot Sound,In-Feed Treatment
2011-02-27,314,Mainstream Canada,Ross Pass,49.32437,-126.04849,Clayoquot Sound,In-Feed Treatment
2011-03-03,137,Grieg Seafood BC,Conville Bay,50.18057,-125.14933,Discovery Islands,In-Feed Treatment
2011-03-06,380,Marine Harvest Canada,Sonora Point,50.42362,-125.30517,Discovery Islands,In-Feed Treatment
2011-03-08,1863,Grieg Seafood BC,Esperanza,49.87814,-126.76145,Esperanza Inlet,In-Feed Treatment
2011-03-08,1079,Grieg Seafood BC,Steamer,49.88761,-126.79088,Esperanza Inlet,In-Feed Treatment
2011-03-26,1825,Grieg Seafood BC,Noo-la,50.60799,-126.36301,Broughton Archipelago,In-Feed Treatment
2011-04-01,1697,Grieg Seafood BC,Culloden,49.79595,-124.10162,Sunshine Coast,In-Feed Treatment
2011-04-02,1698,Grieg Seafood BC,Ahlstrom,49.7793,-124.15395,Sunshine Coast,In-Feed Treatment
2011-05-10,790,Marine Harvest Canada,Chancellor Channel,50.41723,-125.66284,Discovery Islands,In-Feed Treatment
2011-05-11,1581,Marine Harvest Canada,Hardwicke,50.41339,-125.76974,Discovery Islands,In-Feed Treatment
2011-05-14,1148,Mainstream Canada,Binns Island,49.34182,-125.95328,Clayoquot Sound,In-Feed Treatment
2011-05-16,100,Marine Harvest Canada,Lees Bay,50.41063,-125.70029,Discovery Islands,In-Feed Treatment
2011-06-11,526,Mainstream Canada,Rant Point,49.2567,-125.84153,Clayoquot Sound,In-Feed Treatment
2011-07-08,1581,Marine Harvest Canada,Hardwicke,50.41339,-125.76974,Discovery Islands,In-Feed Treatment
2011-08-10,1079,Grieg Seafood BC,Steamer,49.88761,-126.79088,Esperanza Inlet,Harvest
2011-08-11,1351,Marine Harvest Canada,Marsh Bay,50.90567,-127.34239,Port Hardy,In-Feed Treatment
2011-08-27,543,Mainstream Canada,Mussel Rock,49.25925,-125.86762,Clayoquot Sound,In-Feed Treatment
2011-08-28,1472,Mainstream Canada,West Side,49.27928,-125.83065,Clayoquot Sound,In-Feed Treatment
2011-08-31,527,Mainstream Canada,Saranac Island,49.24803,-125.90671,Clayoquot Sound,In-Feed Treatment
2011-09-01,1537,Mainstream Canada,Bare Bluff,49.32702,-125.79902,Clayoquot Sound,In-Feed Treatment
2011-09-01,520,Mainstream Canada,Bedwell,49.26548,-125.81247,Clayoquot Sound,In-Feed Treatment
2011-09-13,1895,Marine Harvest Canada,Sheep Passage,52.79609,-128.31093,Central Coast,Harvest
2011-09-19,388,Marine Harvest Canada,Brougham Point,50.37192,-125.3799,Discovery Islands,In-Feed Treatment
2011-09-19,144,Marine Harvest Canada,Koskimo,50.45861,-127.88988,Quatsino Sound,In-Feed Treatment
2011-09-19,1237,Marine Harvest Canada,Monday Rocks,50.485621,-127.8761792,Quatsino Sound,In-Feed Treatment
2011-09-20,380,Marine Harvest Canada,Sonora Point,50.42362,-125.30517,Discovery Islands,In-Feed Treatment
2011-09-20,378,Marine Harvest Canada,Thurlow,50.40808,-125.34088,Discovery Islands,In-Feed Treatment
2011-09-28,306,Mainstream Canada,Venture Point,50.30241,-125.33778,Discovery Islands,In-Feed Treatment
2011-09-29,1401,Mainstream Canada,Brent Island,50.28613,-125.34917,Discovery Islands,In-Feed Treatment
2011-10-05,1300,Marine Harvest Canada,Althorpe,50.47531,-125.80975,Discovery Islands,In-Feed Treatment
2011-10-11,1896,Marine Harvest Canada,Lime Point,52.78538,-128.33133,Central Coast,In-Feed Treatment
2011-10-13,1702,Marine Harvest Canada,Goat Cove,52.78726,-128.4199,Central Coast,In-Feed Treatment
2011-10-13,1691,Marine Harvest Canada,Kid Bay,52.80108,-128.40431,Central Coast,In-Feed Treatment
2011-10-22,465,Marine Harvest Canada,Swanson,50.61871,-126.70473,Broughton Archipelago,Harvest
2011-10-27,227,Mainstream Canada,Bawden,49.30905,-126.00742,Clayoquot Sound,In-Feed Treatment
2011-10-28,314,Mainstream Canada,Ross Pass,49.32437,-126.04849,Clayoquot Sound,In-Feed Treatment
2011-11-02,892,Marine Harvest Canada,Bell Island,50.83242,-127.52057,Port Hardy,In-Feed Treatment
2011-11-02,1350,Marine Harvest Canada,Shelter Bay,50.96555,-127.45345,Port Hardy,In-Feed Treatment
2011-11-15,733,Marine Harvest Canada,Cyrus Rock,50.25682,-125.2103,Discovery Islands,In-Feed Treatment
2011-11-16,467,Marine Harvest Canada,Midsummer,50.65784,-126.66298,Broughton Archipelago,In-Feed Treatment
2011-11-16,1198,Marine Harvest Canada,Raynor,50.89253,-127.25359,Port Hardy,In-Feed Treatment
2011-12-01,137,Grieg Seafood BC,Conville Bay,50.18057,-125.14933,Discovery Islands,In-Feed Treatment
2011-12-11,1738,Grieg Seafood BC,Atrevida,49.65603,-126.45404,Nootka Sound,In-Feed Treatment
2011-12-11,1789,Grieg Seafood BC,Concepcion,49.65923,-126.47587,Nootka Sound,In-Feed Treatment
2011-12-18,1705,Grieg Seafood BC,Williamson,49.65623,-126.42849,Nootka Sound,In-Feed Treatment
2011-12-25,1618,Marine Harvest Canada,Humphrey Rock,50.69682,-126.25532,Broughton Archipelago,In-Feed Treatment
2011-12-28,821,Marine Harvest Canada,Glacier Falls,50.84785,-126.31921,Broughton Archipelago,In-Feed Treatment
2011-12-28,1059,Marine Harvest Canada,Sargeaunt Pass,50.67346,-126.18595,Broughton Archipelago,In-Feed Treatment
2011-12-28,831,Marine Harvest Canada,Shelter Pass,50.88414,-127.5004,Port Hardy,In-Feed Treatment
2011-12-29,1581,Marine Harvest Canada,Hardwicke,50.41339,-125.76974,Discovery Islands,Harvest
2012-01-01,820,Marine Harvest Canada,Wicklow Point,50.78659,-126.69153,Broughton Archipelago,Harvest
2012-01-22,1145,Marine Harvest Canada,Potts Bay,50.6492,-126.6182,Broughton Archipelago,In-Feed Treatment
2012-02-08,1144,Mainstream Canada,Burdwood,50.7969,-126.49581,Broughton Archipelago,In-Feed Treatment
2012-02-18,871,Grieg Seafood BC,Barnes Bay,50.32437,-125.26039,Discovery Islands,In-Feed Treatment
2012-03-20,1401,Mainstream Canada,Brent Island,50.28613,-125.34917,Discovery Islands,In-Feed Treatment
2012-03-22,306,Mainstream Canada,Venture Point,50.30241,-125.33778,Discovery Islands,In-Feed Treatment
2012-03-24,527,Mainstream Canada,Saranac Island,49.24803,-125.90671,Clayoquot Sound,In-Feed Treatment
2012-03-25,1237,Marine Harvest Canada,Monday Rocks,50.485621,-127.8761792,Quatsino Sound,In-Feed Treatment
2012-04-06,388,Marine Harvest Canada,Brougham Point,50.37192,-125.3799,Discovery Islands,Harvest
2012-04-12,378,Marine Harvest Canada,Thurlow,50.40808,-125.34088,Discovery Islands,Harvest
2012-04-24,1691,Marine Harvest Canada,Kid Bay,52.80108,-128.40431,Central Coast,In-Feed Treatment
2012-04-28,211,Marine Harvest Canada,Okisollo,50.30946,-125.31618,Discovery Islands,In-Feed Treatment
2012-04-29,1300,Marine Harvest Canada,Althorpe,50.47531,-125.80975,Discovery Islands,In-Feed Treatment
2012-04-30,144,Marine Harvest Canada,Koskimo,50.45861,-127.88988,Quatsino Sound,In-Feed Treatment
2012-05-01,380,Marine Harvest Canada,Sonora Point,50.42362,-125.30517,Discovery Islands,In-Feed Treatment
2012-05-12,733,Marine Harvest Canada,Cyrus Rock,50.25682,-125.2103,Discovery Islands,In-Feed Treatment
2012-05-15,304,Mainstream Canada,Raza Island,50.32159,-125.00882,Discovery Islands,In-Feed Treatment
2012-05-19,1702,Marine Harvest Canada,Goat Cove,52.78726,-128.4199,Central Coast,In-Feed Treatment
2012-05-28,1145,Marine Harvest Canada,Potts Bay,50.6492,-126.6182,Broughton Archipelago,In-Feed Treatment
2012-09-01,1691,Marine Harvest Canada,Kid Bay,52.80108,-128.40431,Central Coast,Harvest
2012-09-04,1288,Marine Harvest Canada,Doyle Island,50.81456,-127.48698,Port Hardy,In-Feed Treatment
2012-09-19,1300,Marine Harvest Canada,Althorpe,50.47531,-125.80975,Discovery Islands,Harvest
2012-09-30,1702,Marine Harvest Canada,Goat Cove,52.78726,-128.4199,Central Coast,In-Feed Treatment
2012-10-14,871,Grieg Seafood BC,Barnes Bay,50.32437,-125.26039,Discovery Islands,In-Feed Treatment
2012-10-15,1198,Marine Harvest Canada,Raynor,50.89253,-127.25359,Port Hardy,In-Feed Treatment
2012-10-30,831,Marine Harvest Canada,Shelter Pass,50.88414,-127.5004,Port Hardy,In-Feed Treatment
2012-11-11,1338,Marine Harvest Canada,Mahatta East,50.474562,-127.787808,Quatsino Sound,In-Feed Treatment
2012-11-11,1238,Marine Harvest Canada,Mahatta West,50.4691416,-127.835771,Quatsino Sound,In-Feed Treatment
2013-01-01,1700,Grieg Seafood BC,Muchalat South,49.64012,-126.32735,Nootka Sound,In-Feed Treatment
2013-01-01,78,Marine Harvest Canada,Phillips Arm,50.48825,-125.35658,Discovery Islands,In-Feed Treatment
2013-01-06,1581,Marine Harvest Canada,Hardwicke,50.41339,-125.76974,Discovery Islands,In-Feed Treatment
2013-01-07,733,Marine Harvest Canada,Cyrus Rock,50.25682,-125.2103,Discovery Islands,In-Feed Treatment
2013-01-07,211,Marine Harvest Canada,Okisollo,50.30946,-125.31618,Discovery Islands,In-Feed Treatment
2013-01-08,1145,Marine Harvest Canada,Potts Bay,50.6492,-126.6182,Broughton Archipelago,In-Feed Treatment
2013-01-22,1586,Marine Harvest Canada,Doctor Islets,50.65373,-126.28925,Broughton Archipelago,In-Feed Treatment
2013-01-22,465,Marine Harvest Canada,Swanson,50.61871,-126.70473,Broughton Archipelago,In-Feed Treatment
2013-01-28,1702,Marine Harvest Canada,Goat Cove,52.78726,-128.4199,Central Coast,Harvest
2013-02-03,1825,Grieg Seafood BC,Noo-la,50.60799,-126.36301,Broughton Archipelago,In-Feed Treatment
2013-02-22,1895,Marine Harvest Canada,Sheep Passage,52.79609,-128.31093,Central Coast,In-Feed Treatment
2013-02-23,1237,Marine Harvest Canada,Monday Rocks,50.485621,-127.8761792,Quatsino Sound,In-Feed Treatment
2013-03-11,144,Marine Harvest Canada,Koskimo,50.45861,-127.88988,Quatsino Sound,In-Feed Treatment
2013-03-18,304,Mainstream Canada,Raza Island,50.32159,-125.00882,Discovery Islands,In-Feed Treatment
2013-03-21,869,Mainstream Canada,Maude Island,50.85271,-126.75743,Broughton Archipelago,In-Feed Treatment
2013-03-26,728,Mainstream Canada,Sir Edmund Bay,50.83096,-126.59684,Broughton Archipelago,In-Feed Treatment
2013-04-05,1238,Marine Harvest Canada,Mahatta West,50.4691416,-127.835771,Quatsino Sound,In-Feed Treatment
2013-04-27,234,Mainstream Canada,Dixon Bay,49.405,-126.15055,Clayoquot Sound,In-Feed Treatment
2013-04-27,1338,Marine Harvest Canada,Mahatta East,50.474562,-127.787808,Quatsino Sound,In-Feed Treatment
2013-04-27,314,Mainstream Canada,Ross Pass,49.32437,-126.04849,Clayoquot Sound,In-Feed Treatment
2013-04-28,1507,Mainstream Canada,Millar Channel,49.37622,-126.09003,Clayoquot Sound,In-Feed Treatment
2013-05-04,527,Mainstream Canada,Saranac Island,49.24803,-125.90671,Clayoquot Sound,In-Feed Treatment
2013-05-13,1895,Marine Harvest Canada,Sheep Passage,52.79609,-128.31093,Central Coast,In-Feed Treatment
2013-06-02,819,Mainstream Canada,Cecil Island,50.85123,-126.71498,Broughton Archipelago,In-Feed Treatment
2013-07-10,526,Mainstream Canada,Rant Point,49.2567,-125.84153,Clayoquot Sound,In-Feed Treatment
2013-07-11,543,Mainstream Canada,Mussel Rock,49.25925,-125.86762,Clayoquot Sound,In-Feed Treatment
2013-08-03,1401,Mainstream Canada,Brent Island,50.28613,-125.34917,Discovery Islands,In-Feed Treatment
2013-08-03,306,Mainstream Canada,Venture Point,50.30241,-125.33778,Discovery Islands,In-Feed Treatment
2013-08-18,1507,Mainstream Canada,Millar Channel,49.37622,-126.09003,Clayoquot Sound,In-Feed Treatment
2013-08-25,527,Mainstream Canada,Saranac Island,49.24803,-125.90671,Clayoquot Sound,In-Feed Treatment
2013-08-31,314,Mainstream Canada,Ross Pass,49.32437,-126.04849,Clayoquot Sound,In-Feed Treatment
2013-09-13,1691,Marine Harvest Canada,Kid Bay,52.80108,-128.40431,Central Coast,In-Feed Treatment
2013-09-20,820,Marine Harvest Canada,Wicklow Point,50.78659,-126.69153,Broughton Archipelago,Harvest
2013-10-11,1789,Grieg Seafood BC,Concepcion,49.65923,-126.47587,Nootka Sound,In-Feed Treatment
2013-10-29,144,Marine Harvest Canada,Koskimo,50.45861,-127.88988,Quatsino Sound,In-Feed Treatment
2013-10-31,1237,Marine Harvest Canada,Monday Rocks,50.485621,-127.8761792,Quatsino Sound,In-Feed Treatment
2013-11-10,892,Marine Harvest Canada,Bell Island,50.83242,-127.52057,Port Hardy,In-Feed Treatment
2013-11-12,1144,Mainstream Canada,Burdwood,50.7969,-126.49581,Broughton Archipelago,In-Feed Treatment
2013-11-13,1895,Marine Harvest Canada,Sheep Passage,52.79609,-128.31093,Central Coast,In-Feed Treatment
2013-11-24,465,Marine Harvest Canada,Swanson,50.61871,-126.70473,Broughton Archipelago,In-Feed Treatment
2013-12-02,1350,Marine Harvest Canada,Shelter Bay,50.96555,-127.45345,Port Hardy,In-Feed Treatment
2013-12-05,1581,Marine Harvest Canada,Hardwicke,50.41339,-125.76974,Discovery Islands,In-Feed Treatment
2014-01-10,1702,Marine Harvest Canada,Goat Cove,52.78726,-128.4199,Central Coast,In-Feed Treatment
2014-01-10,1691,Marine Harvest Canada,Kid Bay,52.80108,-128.40431,Central Coast,In-Feed Treatment
2014-01-11,884,Marine Harvest Canada,Lochalsh Bay,52.53399,-128.3602,Central Coast,In-Feed Treatment
2014-01-18,1618,Marine Harvest Canada,Humphrey Rock,50.69682,-126.25532,Broughton Archipelago,In-Feed Treatment
2014-01-19,821,Marine Harvest Canada,Glacier Falls,50.84785,-126.31921,Broughton Archipelago,In-Feed Treatment
2014-01-19,1145,Marine Harvest Canada,Potts Bay,50.6492,-126.6182,Broughton Archipelago,In-Feed Treatment
2014-01-20,1059,Marine Harvest Canada,Sargeaunt Pass,50.67346,-126.18595,Broughton Archipelago,In-Feed Treatment
2014-01-26,467,Marine Harvest Canada,Midsummer,50.65784,-126.66298,Broughton Archipelago,In-Feed Treatment
2014-02-01,1825,Grieg Seafood BC,Noo-la,50.60799,-126.36301,Broughton Archipelago,In-Feed Treatment
2014-02-01,1895,Marine Harvest Canada,Sheep Passage,52.79609,-128.31093,Central Coast,Harvest
2014-02-14,211,Marine Harvest Canada,Okisollo,50.30946,-125.31618,Discovery Islands,In-Feed Treatment
2014-02-15,1698,Grieg Seafood BC,Ahlstrom,49.7793,-124.15395,Sunshine Coast,In-Feed Treatment
2014-02-17,1401,Cermaq Canada,Brent Island,50.28613,-125.34917,Discovery Islands,In-Feed Treatment
2014-02-17,144,Marine Harvest Canada,Koskimo,50.45861,-127.88988,Quatsino Sound,In-Feed Treatment
2014-02-17,1338,Marine Harvest Canada,Mahatta East,50.474562,-127.787808,Quatsino Sound,In-Feed Treatment
2014-02-17,1238,Marine Harvest Canada,Mahatta West,50.4691416,-127.835771,Quatsino Sound,In-Feed Treatment
2014-02-17,1237,Marine Harvest Canada,Monday Rocks,50.485621,-127.8761792,Quatsino Sound,In-Feed Treatment
2014-02-17,306,Cermaq Canada,Venture Point,50.30241,-125.33778,Discovery Islands,In-Feed Treatment
2014-03-20,1691,Marine Harvest Canada,Kid Bay,52.80108,-128.40431,Central Coast,Medicinal Bath Treatment
2014-05-18,1507,Cermaq Canada,Millar Channel,49.37622,-126.09003,Clayoquot Sound,In-Feed Treatment
2014-05-23,227,Cermaq Canada,Bawden,49.30905,-126.00742,Clayoquot Sound,In-Feed Treatment
2014-06-14,380,Marine Harvest Canada,Sonora Point,50.42362,-125.30517,Discovery Islands,In-Feed Treatment
2014-07-01,1079,Grieg Seafood BC,Steamer,49.88761,-126.79088,Esperanza Inlet,In-Feed Treatment
2014-07-20,1401,Cermaq Canada,Brent Island,50.28613,-125.34917,Discovery Islands,In-Feed Treatment
2014-07-21,306,Cermaq Canada,Venture Point,50.30241,-125.33778,Discovery Islands,In-Feed Treatment
2014-08-01,871,Grieg Seafood BC,Barnes Bay,50.32437,-125.26039,Discovery Islands,In-Feed Treatment
2014-08-01,1863,Grieg Seafood BC,Esperanza,49.87814,-126.76145,Esperanza Inlet,In-Feed Treatment
2014-08-03,211,Marine Harvest Canada,Okisollo,50.30946,-125.31618,Discovery Islands,In-Feed Treatment
2014-08-25,1705,Grieg Seafood BC,Williamson,49.65623,-126.42849,Nootka Sound,Harvest
2014-09-12,1351,Marine Harvest Canada,Marsh Bay,50.90567,-127.34239,Port Hardy,In-Feed Treatment
2014-09-25,1580,Marine Harvest Canada,Jackson Pass,52.53727,-128.40286,Central Coast,In-Feed Treatment
2014-09-25,1849,Grieg Seafood BC,Muchalat North,49.64394,-126.33953,Nootka Sound,In-Feed Treatment
2014-09-25,1700,Grieg Seafood BC,Muchalat South,49.64012,-126.32735,Nootka Sound,In-Feed Treatment
2014-10-01,1702,Marine Harvest Canada,Goat Cove,52.78726,-128.4199,Central Coast,Harvest
2014-10-05,100,Marine Harvest Canada,Lees Bay,50.41063,-125.70029,Discovery Islands,In-Feed Treatment
2014-10-17,831,Marine Harvest Canada,Shelter Pass,50.88414,-127.5004,Port Hardy,In-Feed Treatment
2014-10-20,1895,Marine Harvest Canada,Sheep Passage,52.79609,-128.31093,Central Coast,In-Feed Treatment
2014-10-26,1145,Marine Harvest Canada,Potts Bay,50.6492,-126.6182,Broughton Archipelago,In-Feed Treatment
2014-10-27,892,Marine Harvest Canada,Bell Island,50.83242,-127.52057,Port Hardy,In-Feed Treatment
2014-10-27,1338,Marine Harvest Canada,Mahatta East,50.474562,-127.787808,Quatsino Sound,In-Feed Treatment
2014-10-27,1238,Marine Harvest Canada,Mahatta West,50.4691416,-127.835771,Quatsino Sound,In-Feed Treatment
2014-10-29,1336,Cermaq Canada,Simmonds Point,50.87791,-126.90153,Broughton Archipelago,In-Feed Treatment
2014-11-12,820,Marine Harvest Canada,Wicklow Point,50.78659,-126.69153,Broughton Archipelago,In-Feed Treatment
2014-12-23,1288,Marine Harvest Canada,Doyle Island,50.81456,-127.48698,Port Hardy,In-Feed Treatment
2014-12-23,1293,Marine Harvest Canada,Duncan Island,50.8195,-127.55568,Port Hardy,In-Feed Treatment
2015-01-04,78,Marine Harvest Canada,Phillips Arm,50.48825,-125.35658,Discovery Islands,In-Feed Treatment
2015-01-08,211,Marine Harvest Canada,Okisollo,50.30946,-125.31618,Discovery Islands,In-Feed Treatment
2015-01-15,1350,Marine Harvest Canada,Shelter Bay,50.96555,-127.45345,Port Hardy,Harvest
2015-01-19,1581,Marine Harvest Canada,Hardwicke,50.41339,-125.76974,Discovery Islands,In-Feed Treatment
2015-02-01,380,Marine Harvest Canada,Sonora Point,50.42362,-125.30517,Discovery Islands,Harvest
2015-02-15,1586,Marine Harvest Canada,Doctor Islets,50.65373,-126.28925,Broughton Archipelago,In-Feed Treatment
2015-02-15,465,Marine Harvest Canada,Swanson,50.61871,-126.70473,Broughton Archipelago,In-Feed Treatment
2015-02-17,467,Marine Harvest Canada,Midsummer,50.65784,-126.66298,Broughton Archipelago,In-Feed Treatment
2015-02-20,884,Marine Harvest Canada,Lochalsh Bay,52.53399,-128.3602,Central Coast,In-Feed Treatment
2015-02-22,1849,Grieg Seafood BC,Muchalat North,49.64394,-126.33953,Nootka Sound,In-Feed Treatment
2015-02-24,1351,Marine Harvest Canada,Marsh Bay,50.90567,-127.34239,Port Hardy,Harvest
2015-02-24,1237,Marine Harvest Canada,Monday Rocks,50.485621,-127.8761792,Quatsino Sound,Medicinal Bath Treatment
2015-02-27,1700,Grieg Seafood BC,Muchalat South,49.64012,-126.32735,Nootka Sound,In-Feed Treatment
2015-03-03,144,Marine Harvest Canada,Koskimo,50.45861,-127.88988,Quatsino Sound,Medicinal Bath Treatment
2015-03-08,1338,Marine Harvest Canada,Mahatta East,50.474562,-127.787808,Quatsino Sound,Harvest
2015-03-08,869,Cermaq Canada,Maude Island,50.85271,-126.75743,Broughton Archipelago,Harvest
2015-03-10,1895,Marine Harvest Canada,Sheep Passage,52.79609,-128.31093,Central Coast,Harvest
2015-03-15,100,Marine Harvest Canada,Lees Bay,50.41063,-125.70029,Discovery Islands,In-Feed Treatment
2015-03-15,728,Cermaq Canada,Sir Edmund Bay,50.83096,-126.59684,Broughton Archipelago,In-Feed Treatment
2015-03-21,1238,Marine Harvest Canada,Mahatta West,50.4691416,-127.835771,Quatsino Sound,Non-Medicinal Bath Treatment
2015-04-01,819,Cermaq Canada,Cecil Island,50.85123,-126.71498,Broughton Archipelago,In-Feed Treatment
2015-04-12,1581,Marine Harvest Canada,Hardwicke,50.41339,-125.76974,Discovery Islands,In-Feed Treatment
2015-04-13,1300,Marine Harvest Canada,Althorpe,50.47531,-125.80975,Discovery Islands,In-Feed Treatment
2015-04-13,1145,Marine Harvest Canada,Potts Bay,50.6492,-126.6182,Broughton Archipelago,In-Feed Treatment
2015-04-18,1896,Marine Harvest Canada,Lime Point,52.78538,-128.33133,Central Coast,Medicinal Bath Treatment
2015-04-20,144,Marine Harvest Canada,Koskimo,50.45861,-127.88988,Quatsino Sound,In-Feed Treatment
2015-04-20,1237,Marine Harvest Canada,Monday Rocks,50.485621,-127.8761792,Quatsino Sound,In-Feed Treatment
2015-04-29,526,Cermaq Canada,Rant Point,49.2567,-125.84153,Clayoquot Sound,In-Feed Treatment
2015-05-02,527,Cermaq Canada,Saranac Island,49.24803,-125.90671,Clayoquot Sound,In-Feed Treatment
2015-05-03,1896,Marine Harvest Canada,Lime Point,52.78538,-128.33133,Central Coast,In-Feed Treatment
2015-05-12,1144,Cermaq Canada,Burdwood,50.7969,-126.49581,Broughton Archipelago,In-Feed Treatment
2015-05-13,141,Marine Harvest Canada,Port Elizabeth,50.67099,-126.47653,Broughton Archipelago,In-Feed Treatment
2015-05-25,1238,Marine Harvest Canada,Mahatta West,50.4691416,-127.835771,Quatsino Sound,Harvest
2015-06-06,821,Marine Harvest Canada,Glacier Falls,50.84785,-126.31921,Broughton Archipelago,In-Feed Treatment
2015-06-12,540,Cermaq Canada,Fortune Channel,49.23503,-125.75174,Clayoquot Sound,In-Feed Treatment
2015-06-24,1291,Cermaq Canada,McIntyre Lake,49.30557,-125.81583,Clayoquot Sound,Harvest
2015-06-29,820,Marine Harvest Canada,Wicklow Point,50.78659,-126.69153,Broughton Archipelago,In-Feed Treatment
2015-07-08,144,Marine Harvest Canada,Koskimo,50.45861,-127.88988,Quatsino Sound,Medicinal Bath Treatment
2015-07-10,1691,Marine Harvest Canada,Kid Bay,52.80108,-128.40431,Central Coast,In-Feed Treatment
2015-07-12,1237,Marine Harvest Canada,Monday Rocks,50.485621,-127.8761792,Quatsino Sound,Medicinal Bath Treatment
2015-07-17,1288,Marine Harvest Canada,Doyle Island,50.81456,-127.48698,Port Hardy,In-Feed Treatment
2015-07-19,1293,Marine Harvest Canada,Duncan Island,50.8195,-127.55568,Port Hardy,In-Feed Treatment
2015-07-21,520,Cermaq Canada,Bedwell,49.26548,-125.81247,Clayoquot Sound,In-Feed Treatment
2015-07-21,543,Cermaq Canada,Mussel Rock,49.25925,-125.86762,Clayoquot Sound,In-Feed Treatment
2015-08-02,1700,Grieg Seafood BC,Muchalat South,49.64012,-126.32735,Nootka Sound,Harvest
2015-08-06,1738,Grieg Seafood BC,Atrevida,49.65603,-126.45404,Nootka Sound,In-Feed Treatment
2015-08-06,1789,Grieg Seafood BC,Concepcion,49.65923,-126.47587,Nootka Sound,In-Feed Treatment
2015-08-06,1705,Grieg Seafood BC,Williamson,49.65623,-126.42849,Nootka Sound,In-Feed Treatment
2015-08-31,527,Cermaq Canada,Saranac Island,49.24803,-125.90671,Clayoquot Sound,Harvest
2015-09-03,746,Grieg Seafood BC,Site 13,49.6291,-123.84265,Sunshine Coast,In-Feed Treatment
2015-09-03,221,Grieg Seafood BC,Vantage,49.67226,-123.86019,Sunshine Coast,In-Feed Treatment
2015-09-04,332,Grieg Seafood BC,Salten,49.61535,-123.83407,Sunshine Coast,In-Feed Treatment
2015-09-13,1401,Cermaq Canada,Brent Island,50.28613,-125.34917,Discovery Islands,In-Feed Treatment
2015-09-13,306,Cermaq Canada,Venture Point,50.30241,-125.33778,Discovery Islands,In-Feed Treatment
2015-09-14,1896,Marine Harvest Canada,Lime Point,52.78538,-128.33133,Central Coast,Harvest
2015-09-14,6668,Cermaq Canada,Plover Point,49.21438,-125.76603,Clayoquot Sound,In-Feed Treatment
2015-09-21,1507,Cermaq Canada,Millar Channel,49.37622,-126.09003,Clayoquot Sound,In-Feed Treatment
2015-09-24,227,Cermaq Canada,Bawden,49.30905,-126.00742,Clayoquot Sound,In-Feed Treatment
2015-09-29,1691,Marine Harvest Canada,Kid Bay,52.80108,-128.40431,Central Coast,Medicinal Bath Treatment
2015-09-30,314,Cermaq Canada,Ross Pass,49.32437,-126.04849,Clayoquot Sound,In-Feed Treatment
2015-10-01,234,Cermaq Canada,Dixon Bay,49.405,-126.15055,Clayoquot Sound,In-Feed Treatment
2015-10-10,211,Marine Harvest Canada,Okisollo,50.30946,-125.31618,Discovery Islands,In-Feed Treatment
2015-10-17,1702,Marine Harvest Canada,Goat Cove,52.78726,-128.4199,Central Coast,Medicinal Bath Treatment
2015-10-24,1698,Grieg Seafood BC,Ahlstrom,49.7793,-124.15395,Sunshine Coast,In-Feed Treatment
2015-10-24,1697,Grieg Seafood BC,Culloden,49.79595,-124.10162,Sunshine Coast,In-Feed Treatment
2015-10-27,1351,Marine Harvest Canada,Marsh Bay,50.90567,-127.34239,Port Hardy,In-Feed Treatment
2015-10-30,871,Grieg Seafood BC,Barnes Bay,50.32437,-125.26039,Discovery Islands,In-Feed Treatment
2015-11-01,1702,Marine Harvest Canada,Goat Cove,52.78726,-128.4199,Central Coast,In-Feed Treatment
2015-11-01,1691,Marine Harvest Canada,Kid Bay,52.80108,-128.40431,Central Coast,In-Feed Treatment
2015-11-20,884,Marine Harvest Canada,Lochalsh Bay,52.53399,-128.3602,Central Coast,Medicinal Bath Treatment
2015-11-23,380,Marine Harvest Canada,Sonora Point,50.42362,-125.30517,Discovery Islands,In-Feed Treatment
2015-11-26,1581,Marine Harvest Canada,Hardwicke,50.41339,-125.76974,Discovery Islands,In-Feed Treatment
2015-12-07,1300,Marine Harvest Canada,Althorpe,50.47531,-125.80975,Discovery Islands,In-Feed Treatment
2015-12-22,543,Cermaq Canada,Mussel Rock,49.25925,-125.86762,Clayoquot Sound,In-Feed Treatment
2015-12-24,520,Cermaq Canada,Bedwell,49.26548,-125.81247,Clayoquot Sound,In-Feed Treatment
2016-01-23,1145,Marine Harvest Canada,Potts Bay,50.6492,-126.6182,Broughton Archipelago,In-Feed Treatment
2016-02-14,467,Marine Harvest Canada,Midsummer,50.65784,-126.66298,Broughton Archipelago,In-Feed Treatment
2016-02-16,227,Cermaq Canada,Bawden,49.30905,-126.00742,Clayoquot Sound,In-Feed Treatment
2016-02-17,303,Marine Harvest Canada,Glacial Creek,50.01008,-123.90241,Sunshine Coast,In-Feed Treatment
2016-02-17,6668,Cermaq Canada,Plover Point,49.21438,-125.76603,Clayoquot Sound,In-Feed Treatment
2016-02-18,821,Marine Harvest Canada,Glacier Falls,50.84785,-126.31921,Broughton Archipelago,In-Feed Treatment
2016-02-19,141,Marine Harvest Canada,Port Elizabeth,50.67099,-126.47653,Broughton Archipelago,In-Feed Treatment
2016-02-21,314,Cermaq Canada,Ross Pass,49.32437,-126.04849,Clayoquot Sound,In-Feed Treatment
2016-02-25,1702,Marine Harvest Canada,Goat Cove,52.78726,-128.4199,Central Coast,Medicinal Bath Treatment
2016-02-28,1148,Cermaq Canada,Binns Island,49.34182,-125.95328,Clayoquot Sound,In-Feed Treatment
2016-02-28,1618,Marine Harvest Canada,Humphrey Rock,50.69682,-126.25532,Broughton Archipelago,In-Feed Treatment
2016-02-28,1691,Marine Harvest Canada,Kid Bay,52.80108,-128.40431,Central Coast,Medicinal Bath Treatment
2016-02-29,1059,Marine Harvest Canada,Sargeaunt Pass,50.67346,-126.18595,Broughton Archipelago,In-Feed Treatment
2016-03-01,1350,Marine Harvest Canada,Shelter Bay,50.96555,-127.45345,Port Hardy,In-Feed Treatment
2016-03-13,144,Marine Harvest Canada,Koskimo,50.45861,-127.88988,Quatsino Sound,Harvest
2016-03-21,7053,Marine Harvest Canada,Ghi ya,50.90078,-127.93638,Port Hardy,Medicinal Bath Treatment
2016-03-21,1237,Marine Harvest Canada,Monday Rocks,50.485621,-127.8761792,Quatsino Sound,Harvest
2016-03-26,1401,Cermaq Canada,Brent Island,50.28613,-125.34917,Discovery Islands,In-Feed Treatment
2016-03-26,306,Cermaq Canada,Venture Point,50.30241,-125.33778,Discovery Islands,In-Feed Treatment
2016-03-27,1537,Cermaq Canada,Bare Bluff,49.32702,-125.79902,Clayoquot Sound,In-Feed Treatment
2016-04-03,1738,Grieg Seafood BC,Atrevida,49.65603,-126.45404,Nootka Sound,Harvest
2016-04-08,1705,Grieg Seafood BC,Williamson,49.65623,-126.42849,Nootka Sound,In-Feed Treatment
2016-04-09,1789,Grieg Seafood BC,Concepcion,49.65923,-126.47587,Nootka Sound,Harvest
2016-04-23,211,Marine Harvest Canada,Okisollo,50.30946,-125.31618,Discovery Islands,In-Feed Treatment
2016-04-25,1895,Marine Harvest Canada,Sheep Passage,52.79609,-128.31093,Central Coast,Medicinal Bath Treatment
2016-04-27,1351,Marine Harvest Canada,Marsh Bay,50.90567,-127.34239,Port Hardy,In-Feed Treatment
2016-05-01,871,Grieg Seafood BC,Barnes Bay,50.32437,-125.26039,Discovery Islands,In-Feed Treatment
2016-05-10,100,Marine Harvest Canada,Lees Bay,50.41063,-125.70029,Discovery Islands,Medicinal Bath Treatment
2016-05-12,1507,Cermaq Canada,Millar Channel,49.37622,-126.09003,Clayoquot Sound,Harvest
2016-05-14,1472,Cermaq Canada,West Side,49.27928,-125.83065,Clayoquot Sound,In-Feed Treatment
2016-05-19,1702,Marine Harvest Canada,Goat Cove,52.78726,-128.4199,Central Coast,In-Feed Treatment
2016-05-22,1586,Marine Harvest Canada,Doctor Islets,50.65373,-126.28925,Broughton Archipelago,In-Feed Treatment
2016-06-13,1580,Marine Harvest Canada,Jackson Pass,52.53727,-128.40286,Central Coast,Medicinal Bath Treatment
2016-06-14,1698,Grieg Seafood BC,Ahlstrom,49.7793,-124.15395,Sunshine Coast,In-Feed Treatment
2016-06-14,1697,Grieg Seafood BC,Culloden,49.79595,-124.10162,Sunshine Coast,In-Feed Treatment
2016-06-22,1895,Marine Harvest Canada,Sheep Passage,52.79609,-128.31093,Central Coast,In-Feed Treatment
2016-06-25,1691,Marine Harvest Canada,Kid Bay,52.80108,-128.40431,Central Coast,Harvest
2016-06-28,100,Marine Harvest Canada,Lees Bay,50.41063,-125.70029,Discovery Islands,In-Feed Treatment
2016-07-16,7053,Marine Harvest Canada,Ghi ya,50.90078,-127.93638,Port Hardy,In-Feed Treatment
2016-07-21,527,Cermaq Canada,Saranac Island,49.24803,-125.90671,Clayoquot Sound,In-Feed Treatment
2016-08-05,380,Marine Harvest Canada,Sonora Point,50.42362,-125.30517,Discovery Islands,Medicinal Bath Treatment
2016-08-28,1702,Marine Harvest Canada,Goat Cove,52.78726,-128.4199,Central Coast,Harvest
2016-09-01,211,Marine Harvest Canada,Okisollo,50.30946,-125.31618,Discovery Islands,Medicinal Bath Treatment
2016-09-13,1863,Grieg Seafood BC,Esperanza,49.87814,-126.76145,Esperanza Inlet,In-Feed Treatment
2016-09-14,1079,Grieg Seafood BC,Steamer,49.88761,-126.79088,Esperanza Inlet,In-Feed Treatment
2016-09-19,1145,Marine Harvest Canada,Potts Bay,50.6492,-126.6182,Broughton Archipelago,Non-Medicinal Bath Treatment
2016-09-27,1293,Marine Harvest Canada,Duncan Island,50.8195,-127.55568,Port Hardy,Medicinal Bath Treatment
2016-10-23,1580,Marine Harvest Canada,Jackson Pass,52.53727,-128.40286,Central Coast,Medicinal Bath Treatment
2016-10-30,1351,Marine Harvest Canada,Marsh Bay,50.90567,-127.34239,Port Hardy,Harvest
2016-10-30,1895,Marine Harvest Canada,Sheep Passage,52.79609,-128.31093,Central Coast,Medicinal Bath Treatment
2016-11-10,871,Grieg Seafood BC,Barnes Bay,50.32437,-125.26039,Discovery Islands,Harvest
2016-11-17,306,Cermaq Canada,Venture Point,50.30241,-125.33778,Discovery Islands,Harvest
2016-11-20,1288,Marine Harvest Canada,Doyle Island,50.81456,-127.48698,Port Hardy,Medicinal Bath Treatment
2016-11-20,100,Marine Harvest Canada,Lees Bay,50.41063,-125.70029,Discovery Islands,In-Feed Treatment
2016-11-21,790,Marine Harvest Canada,Chancellor Channel,50.41723,-125.66284,Discovery Islands,In-Feed Treatment
2016-11-21,1581,Marine Harvest Canada,Hardwicke,50.41339,-125.76974,Discovery Islands,In-Feed Treatment
2016-12-05,78,Marine Harvest Canada,Phillips Arm,50.48825,-125.35658,Discovery Islands,In-Feed Treatment
2016-12-06,1895,Marine Harvest Canada,Sheep Passage,52.79609,-128.31093,Central Coast,Medicinal Bath Treatment
2016-12-24,380,Marine Harvest Canada,Sonora Point,50.42362,-125.30517,Discovery Islands,In-Feed Treatment
2017-01-03,306,Cermaq Canada,Venture Point,50.30241,-125.33778,Discovery Islands,Harvest
2017-01-03,820,Marine Harvest Canada,Wicklow Point,50.78659,-126.69153,Broughton Archipelago,In-Feed Treatment
2017-01-14,1350,Marine Harvest Canada,Shelter Bay,50.96555,-127.45345,Port Hardy,Harvest
2017-01-16,1144,Cermaq Canada,Burdwood,50.7969,-126.49581,Broughton Archipelago,In-Feed Treatment
2017-01-16,304,Cermaq Canada,Raza Island,50.32159,-125.00882,Discovery Islands,In-Feed Treatment
2017-01-17,465,Marine Harvest Canada,Swanson,50.61871,-126.70473,Broughton Archipelago,In-Feed Treatment
2017-01-19,1300,Marine Harvest Canada,Althorpe,50.47531,-125.80975,Discovery Islands,In-Feed Treatment
2017-01-19,1288,Marine Harvest Canada,Doyle Island,50.81456,-127.48698,Port Hardy,Medicinal Bath Treatment
2017-01-25,467,Marine Harvest Canada,Midsummer,50.65784,-126.66298,Broughton Archipelago,In-Feed Treatment
2017-01-25,1895,Marine Harvest Canada,Sheep Passage,52.79609,-128.31093,Central Coast,Medicinal Bath Treatment
2017-01-31,869,Cermaq Canada,Maude Island,50.85271,-126.75743,Broughton Archipelago,In-Feed Treatment
2017-01-31,728,Cermaq Canada,Sir Edmund Bay,50.83096,-126.59684,Broughton Archipelago,In-Feed Treatment
2017-02-01,1825,Grieg Seafood BC,Noo-la,50.60799,-126.36301,Broughton Archipelago,In-Feed Treatment
2017-02-01,1145,Marine Harvest Canada,Potts Bay,50.6492,-126.6182,Broughton Archipelago,In-Feed Treatment
2017-02-01,1839,Grieg Seafood BC,Wa-kwa,50.60106,-126.34741,Broughton Archipelago,In-Feed Treatment
2017-02-03,303,Marine Harvest Canada,Glacial Creek,50.01008,-123.90241,Sunshine Coast,In-Feed Treatment
2017-02-05,1472,Cermaq Canada,West Side,49.27928,-125.83065,Clayoquot Sound,In-Feed Treatment
2017-02-11,1586,Marine Harvest Canada,Doctor Islets,50.65373,-126.28925,Broughton Archipelago,In-Feed Treatment
2017-02-12,458,Cermaq Canada,Cypress Harbour,50.83772,-126.66313,Broughton Archipelago,In-Feed Treatment
2017-02-12,540,Cermaq Canada,Fortune Channel,49.23503,-125.75174,Clayoquot Sound,In-Feed Treatment
2017-02-14,1537,Cermaq Canada,Bare Bluff,49.32702,-125.79902,Clayoquot Sound,Harvest
2017-02-21,1895,Marine Harvest Canada,Sheep Passage,52.79609,-128.31093,Central Coast,Medicinal Bath Treatment
2017-02-25,1293,Marine Harvest Canada,Duncan Island,50.8195,-127.55568,Port Hardy,In-Feed Treatment
2017-03-02,1288,Marine Harvest Canada,Doyle Island,50.81456,-127.48698,Port Hardy,In-Feed Treatment
2017-03-02,831,Marine Harvest Canada,Shelter Pass,50.88414,-127.5004,Port Hardy,In-Feed Treatment
2017-03-02,1079,Grieg Seafood BC,Steamer,49.88761,-126.79088,Esperanza Inlet,Harvest
2017-03-07,7714,Marine Harvest Canada,Alexander,52.67648,-128.57494,Central Coast,Medicinal Bath Treatment
2017-03-09,1863,Grieg Seafood BC,Esperanza,49.87814,-126.76145,Esperanza Inlet,Harvest
2017-04-01,1863,Grieg Seafood BC,Esperanza,49.87814,-126.76145,Esperanza Inlet,Medicinal Bath Treatment
2017-04-01,1079,Grieg Seafood BC,Steamer,49.88761,-126.79088,Esperanza Inlet,Medicinal Bath Treatment
2017-04-07,1148,Cermaq Canada,Binns Island,49.34182,-125.95328,Clayoquot Sound,In-Feed Treatment
2017-04-11,332,Grieg Seafood BC,Salten,49.61535,-123.83407,Sunshine Coast,In-Feed Treatment
2017-04-25,1338,Marine Harvest Canada,Mahatta East,50.474562,-127.787808,Quatsino Sound,Medicinal Bath Treatment
2017-05-01,526,Cermaq Canada,Rant Point,49.2567,-125.84153,Clayoquot Sound,In-Feed Treatment
2017-05-07,1237,Marine Harvest Canada,Monday Rocks,50.485621,-127.8761792,Quatsino Sound,Medicinal Bath Treatment
2017-05-13,527,Cermaq Canada,Saranac Island,49.24803,-125.90671,Clayoquot Sound,In-Feed Treatment
2017-05-19,543,Cermaq Canada,Mussel Rock,49.25925,-125.86762,Clayoquot Sound,In-Feed Treatment
2017-05-20,144,Marine Harvest Canada,Koskimo,50.45861,-127.88988,Quatsino Sound,Medicinal Bath Treatment
2017-06-01,227,Cermaq Canada,Bawden,49.30905,-126.00742,Clayoquot Sound,In-Feed Treatment
2017-06-01,1507,Cermaq Canada,Millar Channel,49.37622,-126.09003,Clayoquot Sound,In-Feed Treatment
2017-06-01,314,Cermaq Canada,Ross Pass,49.32437,-126.04849,Clayoquot Sound,In-Feed Treatment
2017-06-09,234,Cermaq Canada,Dixon Bay,49.405,-126.15055,Clayoquot Sound,In-Feed Treatment
2017-06-16,1895,Marine Harvest Canada,Sheep Passage,52.79609,-128.31093,Central Coast,In-Feed Treatment
2017-07-08,7714,Marine Harvest Canada,Alexander,52.67648,-128.57494,Central Coast,Medicinal Bath Treatment
2017-07-09,7713,Marine Harvest Canada,Cougar,52.71993,-128.57432,Central Coast,Medicinal Bath Treatment
2017-07-25,7053,Marine Harvest Canada,Ghi ya,50.90078,-127.93638,Port Hardy,Medicinal Bath Treatment
2017-08-12,211,Marine Harvest Canada,Okisollo,50.30946,-125.31618,Discovery Islands,Medicinal Bath Treatment
2017-08-31,1293,Marine Harvest Canada,Duncan Island,50.8195,-127.55568,Port Hardy,Harvest
2017-09-01,1288,Marine Harvest Canada,Doyle Island,50.81456,-127.48698,Port Hardy,Harvest
2017-09-04,527,Cermaq Canada,Saranac Island,49.24803,-125.90671,Clayoquot Sound,In-Feed Treatment
2017-09-20,465,Marine Harvest Canada,Swanson,50.61871,-126.70473,Broughton Archipelago,Harvest
2017-09-20,7054,Marine Harvest Canada,Wanx talis,50.89322,-127.89568,Port Hardy,Medicinal Bath Treatment
2017-09-24,543,Cermaq Canada,Mussel Rock,49.25925,-125.86762,Clayoquot Sound,In-Feed Treatment
2017-09-28,820,Marine Harvest Canada,Wicklow Point,50.78659,-126.69153,Broughton Archipelago,In-Feed Treatment
2017-09-29,1507,Cermaq Canada,Millar Channel,49.37622,-126.09003,Clayoquot Sound,In-Feed Treatment
2017-10-01,1762,Grieg Seafood BC,Gore,49.6466,-126.43167,Nootka Sound,In-Feed Treatment
2017-10-07,314,Cermaq Canada,Ross Pass,49.32437,-126.04849,Clayoquot Sound,In-Feed Treatment
2017-10-09,1581,Marine Harvest Canada,Hardwicke,50.41339,-125.76974,Discovery Islands,Harvest
2017-10-10,234,Cermaq Canada,Dixon Bay,49.405,-126.15055,Clayoquot Sound,In-Feed Treatment
2017-10-11,1789,Grieg Seafood BC,Concepcion,49.65923,-126.47587,Nootka Sound,Medicinal Bath Treatment
2017-10-20,1702,Marine Harvest Canada,Goat Cove,52.78726,-128.4199,Central Coast,Medicinal Bath Treatment
2017-10-25,7053,Marine Harvest Canada,Ghi ya,50.90078,-127.93638,Port Hardy,In-Feed Treatment
2017-10-30,1300,Marine Harvest Canada,Althorpe,50.47531,-125.80975,Discovery Islands,In-Feed Treatment
2017-10-31,7714,Marine Harvest Canada,Alexander,52.67648,-128.57494,Central Coast,Medicinal Bath Treatment
2017-11-01,1738,Grieg Seafood BC,Atrevida,49.65603,-126.45404,Nootka Sound,Medicinal Bath Treatment
2017-11-01,871,Grieg Seafood BC,Barnes Bay,50.32437,-125.26039,Discovery Islands,In-Feed Treatment
2017-11-04,306,Cermaq Canada,Venture Point,50.30241,-125.33778,Discovery Islands,In-Feed Treatment
2017-11-05,1401,Cermaq Canada,Brent Island,50.28613,-125.34917,Discovery Islands,In-Feed Treatment
2017-11-12,1338,Marine Harvest Canada,Mahatta East,50.474562,-127.787808,Quatsino Sound,In-Feed Treatment
2017-11-18,144,Marine Harvest Canada,Koskimo,50.45861,-127.88988,Quatsino Sound,In-Feed Treatment
2017-11-18,1237,Marine Harvest Canada,Monday Rocks,50.485621,-127.8761792,Quatsino Sound,In-Feed Treatment
2017-11-19,211,Marine Harvest Canada,Okisollo,50.30946,-125.31618,Discovery Islands,In-Feed Treatment
2017-12-01,1700,Grieg Seafood BC,Muchalat South,49.64012,-126.32735,Nootka Sound,Medicinal Bath Treatment
2017-12-04,1145,Marine Harvest Canada,Potts Bay,50.6492,-126.6182,Broughton Archipelago,In-Feed Treatment
2017-12-14,1849,Grieg Seafood BC,Muchalat North,49.64394,-126.33953,Nootka Sound,Medicinal Bath Treatment
2017-12-19,7054,Marine Harvest Canada,Wanx talis,50.89322,-127.89568,Port Hardy,In-Feed Treatment
2018-01-24,1789,Grieg Seafood BC,Concepcion,49.65923,-126.47587,Nootka Sound,In-Feed Treatment
2018-01-25,234,Cermaq Canada,Dixon Bay,49.405,-126.15055,Clayoquot Sound,Harvest
2018-02-01,1698,Grieg Seafood BC,Ahlstrom,49.7793,-124.15395,Sunshine Coast,In-Feed Treatment
2018-02-01,227,Cermaq Canada,Bawden,49.30905,-126.00742,Clayoquot Sound,In-Feed Treatment
2018-02-01,1697,Grieg Seafood BC,Culloden,49.79595,-124.10162,Sunshine Coast,In-Feed Treatment
2018-02-10,1738,Grieg Seafood BC,Atrevida,49.65603,-126.45404,Nootka Sound,Harvest
2018-02-13,1507,Cermaq Canada,Millar Channel,49.37622,-126.09003,Clayoquot Sound,Harvest
2018-02-25,1618,Marine Harvest Canada,Humphrey Rock,50.69682,-126.25532,Broughton Archipelago,In-Feed Treatment
2018-02-25,1059,Marine Harvest Canada,Sargeaunt Pass,50.67346,-126.18595,Broughton Archipelago,In-Feed Treatment
2018-02-25,7054,Marine Harvest Canada,Wanx talis,50.89322,-127.89568,Port Hardy,In-Feed Treatment
2018-02-26,821,Marine Harvest Canada,Glacier Falls,50.84785,-126.31921,Broughton Archipelago,In-Feed Treatment
2018-02-26,467,Marine Harvest Canada,Midsummer,50.65784,-126.66298,Broughton Archipelago,In-Feed Treatment
2018-02-27,1700,Grieg Seafood BC,Muchalat South,49.64012,-126.32735,Nootka Sound,In-Feed Treatment
2018-03-01,332,Grieg Seafood BC,Salten,49.61535,-123.83407,Sunshine Coast,In-Feed Treatment
2018-03-01,746,Grieg Seafood BC,Site 13,49.6291,-123.84265,Sunshine Coast,In-Feed Treatment
2018-03-01,221,Grieg Seafood BC,Vantage,49.67226,-123.86019,Sunshine Coast,In-Feed Treatment
2018-03-03,7714,Marine Harvest Canada,Alexander,52.67648,-128.57494,Central Coast,Medicinal Bath Treatment
2018-03-04,1849,Grieg Seafood BC,Muchalat North,49.64394,-126.33953,Nootka Sound,Harvest
2018-03-11,314,Cermaq Canada,Ross Pass,49.32437,-126.04849,Clayoquot Sound,Harvest
2018-03-16,1702,Marine Harvest Canada,Goat Cove,52.78726,-128.4199,Central Coast,Medicinal Bath Treatment
2018-03-20,1762,Grieg Seafood BC,Gore,49.6466,-126.43167,Nootka Sound,Medicinal Bath Treatment
2018-03-20,831,Marine Harvest Canada,Shelter Pass,50.88414,-127.5004,Port Hardy,Medicinal Bath Treatment
2018-03-23,892,Marine Harvest Canada,Bell Island,50.83242,-127.52057,Port Hardy,Medicinal Bath Treatment
2018-03-25,543,Cermaq Canada,Mussel Rock,49.25925,-125.86762,Clayoquot Sound,Harvest
2018-03-26,527,Cermaq Canada,Saranac Island,49.24803,-125.90671,Clayoquot Sound,Harvest
2018-03-29,1691,Marine Harvest Canada,Kid Bay,52.80108,-128.40431,Central Coast,Medicinal Bath Treatment
2018-04-04,1401,Cermaq Canada,Brent Island,50.28613,-125.34917,Discovery Islands,In-Feed Treatment
2018-04-04,306,Cermaq Canada,Venture Point,50.30241,-125.33778,Discovery Islands,In-Feed Treatment
2018-04-14,1351,Marine Harvest Canada,Marsh Bay,50.90567,-127.34239,Port Hardy,Medicinal Bath Treatment
2018-05-08,380,Marine Harvest Canada,Sonora Point,50.42362,-125.30517,Discovery Islands,Medicinal Bath Treatment
2018-05-28,892,Marine Harvest Canada,Bell Island,50.83242,-127.52057,Port Hardy,Medicinal Bath Treatment
2018-05-31,1762,Grieg Seafood BC,Gore,49.6466,-126.43167,Nootka Sound,Medicinal Bath Treatment
2018-06-07,227,Cermaq Canada,Bawden,49.30905,-126.00742,Clayoquot Sound,Medicinal Bath Treatment
2018-06-11,6668,Cermaq Canada,Plover Point,49.21438,-125.76603,Clayoquot Sound,Medicinal Bath Treatment
2018-06-18,100,Marine Harvest Canada,Lees Bay,50.41063,-125.70029,Discovery Islands,Medicinal Bath Treatment
2018-06-20,141,Marine Harvest Canada,Port Elizabeth,50.67099,-126.47653,Broughton Archipelago,In-Feed Treatment
2018-06-25,1537,Cermaq Canada,Bare Bluff,49.32702,-125.79902,Clayoquot Sound,Medicinal Bath Treatment
2018-07-02,520,Cermaq Canada,Bedwell,49.26548,-125.81247,Clayoquot Sound,Medicinal Bath Treatment
2018-07-03,1691,Marine Harvest Canada,Kid Bay,52.80108,-128.40431,Central Coast,In-Feed Treatment
2018-07-05,1702,Marine Harvest Canada,Goat Cove,52.78726,-128.4199,Central Coast,In-Feed Treatment
2018-07-08,540,Cermaq Canada,Fortune Channel,49.23503,-125.75174,Clayoquot Sound,Medicinal Bath Treatment
2018-07-31,1351,Marine Harvest Canada,Marsh Bay,50.90567,-127.34239,Port Hardy,Mechanical Removal
2018-07-31,526,Cermaq Canada,Rant Point,49.2567,-125.84153,Clayoquot Sound,Harvest
2018-08-08,7054,Marine Harvest Canada,Wanx talis,50.89322,-127.89568,Port Hardy,Harvest
2018-08-15,540,Cermaq Canada,Fortune Channel,49.23503,-125.75174,Clayoquot Sound,In-Feed Treatment
2018-08-16,1537,Cermaq Canada,Bare Bluff,49.32702,-125.79902,Clayoquot Sound,In-Feed Treatment
2018-08-18,520,Cermaq Canada,Bedwell,49.26548,-125.81247,Clayoquot Sound,In-Feed Treatment
2018-08-18,6668,Cermaq Canada,Plover Point,49.21438,-125.76603,Clayoquot Sound,In-Feed Treatment
2018-08-24,1863,Grieg Seafood BC,Esperanza,49.87814,-126.76145,Esperanza Inlet,In-Feed Treatment
2018-08-24,1862,Grieg Seafood BC,Hecate,49.86799,-126.7573,Esperanza Inlet,In-Feed Treatment
2018-08-24,1079,Grieg Seafood BC,Steamer,49.88761,-126.79088,Esperanza Inlet,In-Feed Treatment
2018-08-29,211,Marine Harvest Canada,Okisollo,50.30946,-125.31618,Discovery Islands,In-Feed Treatment
2018-09-05,1382,Marine Harvest Canada,Robertson,50.93242,-127.42537,Port Hardy,Medicinal Bath Treatment
2018-09-17,1351,Marine Harvest Canada,Marsh Bay,50.90567,-127.34239,Port Hardy,In-Feed Treatment
2018-09-19,1401,Cermaq Canada,Brent Island,50.28613,-125.34917,Discovery Islands,In-Feed Treatment
2018-09-23,1350,Marine Harvest Canada,Shelter Bay,50.96555,-127.45345,Port Hardy,In-Feed Treatment
2018-10-03,100,Marine Harvest Canada,Lees Bay,50.41063,-125.70029,Discovery Islands,Medicinal Bath Treatment
2018-10-09,1863,Grieg Seafood BC,Esperanza,49.87814,-126.76145,Esperanza Inlet,In-Feed Treatment
2018-10-10,831,Marine Harvest Canada,Shelter Pass,50.88414,-127.5004,Port Hardy,In-Feed Treatment
2018-10-12,1136,Marine Harvest Canada,Shaw Point,50.48527,-125.88981,Discovery Islands,In-Feed Treatment
2018-10-15,871,Grieg Seafood BC,Barnes Bay,50.32437,-125.26039,Discovery Islands,In-Feed Treatment
2018-10-15,790,Marine Harvest Canada,Chancellor Channel,50.41723,-125.66284,Discovery Islands,Mechanical Removal
2018-10-18,1293,Marine Harvest Canada,Duncan Island,50.8195,-127.55568,Port Hardy,Medicinal Bath Treatment
2018-10-24,1862,Grieg Seafood BC,Hecate,49.86799,-126.7573,Esperanza Inlet,Medicinal Bath Treatment
2018-11-03,1863,Grieg Seafood BC,Esperanza,49.87814,-126.76145,Esperanza Inlet,Medicinal Bath Treatment
2018-11-07,1288,Marine Harvest Canada,Doyle Island,50.81456,-127.48698,Port Hardy,Medicinal Bath Treatment
2018-11-09,1581,Marine Harvest Canada,Hardwicke,50.41339,-125.76974,Discovery Islands,Medicinal Bath Treatment
2018-11-18,1079,Grieg Seafood BC,Steamer,49.88761,-126.79088,Esperanza Inlet,Medicinal Bath Treatment
2018-12-17,790,Marine Harvest Canada,Chancellor Channel,50.41723,-125.66284,Discovery Islands,In-Feed Treatment
2018-12-19,100,Marine Harvest Canada,Lees Bay,50.41063,-125.70029,Discovery Islands,In-Feed Treatment
2018-12-29,1691,Marine Harvest Canada,Kid Bay,52.80108,-128.40431,Central Coast,Medicinal Bath Treatment
2018-12-29,831,Marine Harvest Canada,Shelter Pass,50.88414,-127.5004,Port Hardy,Medicinal Bath Treatment
2018-12-31,1862,Grieg Seafood BC,Hecate,49.86799,-126.7573,Esperanza Inlet,In-Feed Treatment
2019-01-01,1691,MOWI Canada West,Kid Bay,52.80108,-128.40431,Central Coast,Medicinal Bath Treatment
2019-01-01,831,MOWI Canada West,Shelter Pass,50.88414,-127.5004,Port Hardy,Medicinal Bath Treatment
2019-01-15,820,MOWI Canada West,Wicklow Point,50.78659,-126.69153,Broughton Archipelago,Mechanical Removal
2019-01-17,1862,Grieg Seafood BC,Hecate,49.86799,-126.7573,Esperanza Inlet,Medicinal Bath Treatment
2019-01-21,78,MOWI Canada West,Phillips Arm,50.48825,-125.35658,Discovery Islands,In-Feed Treatment
2019-01-21,380,MOWI Canada West,Sonora Point,50.42362,-125.30517,Discovery Islands,In-Feed Treatment
2019-01-31,1537,Cermaq Canada,Bare Bluff,49.32702,-125.79902,Clayoquot Sound,Medicinal Bath Treatment
2019-02-09,1382,MOWI Canada West,Robertson,50.93242,-127.42537,Port Hardy,In-Feed Treatment
2019-02-10,520,Cermaq Canada,Bedwell,49.26548,-125.81247,Clayoquot Sound,Medicinal Bath Treatment
2019-02-13,1293,MOWI Canada West,Duncan Island,50.8195,-127.55568,Port Hardy,In-Feed Treatment
2019-02-13,820,MOWI Canada West,Wicklow Point,50.78659,-126.69153,Broughton Archipelago,Mechanical Removal
2019-02-14,1288,MOWI Canada West,Doyle Island,50.81456,-127.48698,Port Hardy,In-Feed Treatment
2019-02-19,7714,MOWI Canada West,Alexander,52.67648,-128.57494,Central Coast,Medicinal Bath Treatment
2019-02-24,1537,Cermaq Canada,Bare Bluff,49.32702,-125.79902,Clayoquot Sound,Harvest
2019-02-24,465,MOWI Canada West,Swanson,50.61871,-126.70473,Broughton Archipelago,In-Feed Treatment
2019-02-26,1586,MOWI Canada West,Doctor Islets,50.65373,-126.28925,Broughton Archipelago,In-Feed Treatment
2019-02-26,1581,MOWI Canada West,Hardwicke,50.41339,-125.76974,Discovery Islands,Mechanical Removal
2019-03-01,1581,MOWI Canada West,Hardwicke,50.41339,-125.76974,Discovery Islands,Non-Medicinal Bath Treatment
2019-03-02,1136,MOWI Canada West,Shaw Point,50.48527,-125.88981,Discovery Islands,Non-Medicinal Bath Treatment
2019-03-11,1300,MOWI Canada West,Althorpe,50.47531,-125.80975,Discovery Islands,In-Feed Treatment
2019-03-11,6668,Cermaq Canada,Plover Point,49.21438,-125.76603,Clayoquot Sound,Medicinal Bath Treatment
2019-03-11,141,MOWI Canada West,Port Elizabeth,50.67099,-126.47653,Broughton Archipelago,In-Feed Treatment
2019-03-23,1079,Grieg Seafood BC,Steamer,49.88761,-126.79088,Esperanza Inlet,Medicinal Bath Treatment
2019-04-01,520,Cermaq Canada,Bedwell,49.26548,-125.81247,Clayoquot Sound,Harvest
2019-04-01,1862,Grieg Seafood BC,Hecate,49.86799,-126.7573,Esperanza Inlet,Harvest
2019-04-04,1144,Cermaq Canada,Burdwood,50.7969,-126.49581,Broughton Archipelago,In-Feed Treatment
2019-04-08,1863,Grieg Seafood BC,Esperanza,49.87814,-126.76145,Esperanza Inlet,Medicinal Bath Treatment
2019-04-08,1581,MOWI Canada West,Hardwicke,50.41339,-125.76974,Discovery Islands,In-Feed Treatment
2019-04-10,728,Cermaq Canada,Sir Edmund Bay,50.83096,-126.59684,Broughton Archipelago,In-Feed Treatment
2019-04-26,1136,MOWI Canada West,Shaw Point,50.48527,-125.88981,Discovery Islands,Non-Medicinal Bath Treatment
2019-04-29,6668,Cermaq Canada,Plover Point,49.21438,-125.76603,Clayoquot Sound,Harvest
2019-05-03,1136,MOWI Canada West,Shaw Point,50.48527,-125.88981,Discovery Islands,Non-Medicinal Bath Treatment
2019-05-06,820,MOWI Canada West,Wicklow Point,50.78659,-126.69153,Broughton Archipelago,In-Feed Treatment
2019-05-07,1825,Grieg Seafood BC,Noo-la,50.60799,-126.36301,Broughton Archipelago,In-Feed Treatment
2019-05-07,7273,Grieg Seafood BC,Tsa-ya,50.6133,-126.33073,Broughton Archipelago,In-Feed Treatment
2019-05-07,1839,Grieg Seafood BC,Wa-kwa,50.60106,-126.34741,Broughton Archipelago,In-Feed Treatment
2019-05-11,1507,Cermaq Canada,Millar Channel,49.37622,-126.09003,Clayoquot Sound,In-Feed Treatment
2019-05-15,1079,Grieg Seafood BC,Steamer,49.88761,-126.79088,Esperanza Inlet,Medicinal Bath Treatment
2019-05-16,458,Cermaq Canada,Cypress Harbour,50.83772,-126.66313,Broughton Archipelago,In-Feed Treatment
2019-05-17,227,Cermaq Canada,Bawden,49.30905,-126.00742,Clayoquot Sound,In-Feed Treatment
2019-05-17,1862,Grieg Seafood BC,Hecate,49.86799,-126.7573,Esperanza Inlet,Medicinal Bath Treatment
2019-05-18,314,Cermaq Canada,Ross Pass,49.32437,-126.04849,Clayoquot Sound,In-Feed Treatment
2019-05-19,234,Cermaq Canada,Dixon Bay,49.405,-126.15055,Clayoquot Sound,In-Feed Treatment
2019-05-21,1863,Grieg Seafood BC,Esperanza,49.87814,-126.76145,Esperanza Inlet,Medicinal Bath Treatment
2019-05-25,1148,Cermaq Canada,Binns Island,49.34182,-125.95328,Clayoquot Sound,In-Feed Treatment
2019-05-25,1336,Cermaq Canada,Simmonds Point,50.87791,-126.90153,Broughton Archipelago,In-Feed Treatment
2019-06-01,1079,Grieg Seafood BC,Steamer,49.88761,-126.79088,Esperanza Inlet,Medicinal Bath Treatment
2019-06-15,790,MOWI Canada West,Chancellor Channel,50.41723,-125.66284,Discovery Islands,In-Feed Treatment
2019-06-16,892,MOWI Canada West,Bell Island,50.83242,-127.52057,Port Hardy,Medicinal Bath Treatment
2019-06-23,831,MOWI Canada West,Shelter Pass,50.88414,-127.5004,Port Hardy,In-Feed Treatment
2019-06-25,7714,MOWI Canada West,Alexander,52.67648,-128.57494,Central Coast,Non-Medicinal Bath Treatment
2019-06-28,7714,MOWI Canada West,Alexander,52.67648,-128.57494,Central Coast,Medicinal Bath Treatment
2019-07-07,1691,MOWI Canada West,Kid Bay,52.80108,-128.40431,Central Coast,In-Feed Treatment
2019-08-02,1738,Grieg Seafood BC,Atrevida,49.65603,-126.45404,Nootka Sound,In-Feed Treatment
2019-08-02,1789,Grieg Seafood BC,Concepcion,49.65923,-126.47587,Nootka Sound,In-Feed Treatment
2019-08-02,1762,Grieg Seafood BC,Gore,49.6466,-126.43167,Nootka Sound,In-Feed Treatment
2019-08-02,1849,Grieg Seafood BC,Muchalat North,49.64394,-126.33953,Nootka Sound,In-Feed Treatment
2019-08-02,1705,Grieg Seafood BC,Williamson,49.65623,-126.42849,Nootka Sound,In-Feed Treatment
2019-08-04,7053,MOWI Canada West,Ghi ya,50.90078,-127.93638,Port Hardy,In-Feed Treatment
2019-08-15,100,MOWI Canada West,Lees Bay,50.41063,-125.70029,Discovery Islands,Harvest
2019-08-23,7713,MOWI Canada West,Cougar,52.71993,-128.57432,Central Coast,Medicinal Bath Treatment
2019-09-01,144,MOWI Canada West,Koskimo,50.45861,-127.88988,Quatsino Sound,Medicinal Bath Treatment
2019-09-07,306,Cermaq Canada,Venture Point,50.30241,-125.33778,Discovery Islands,In-Feed Treatment
2019-09-15,1288,MOWI Canada West,Doyle Island,50.81456,-127.48698,Port Hardy,Harvest
2019-09-21,7714,MOWI Canada West,Alexander,52.67648,-128.57494,Central Coast,Mechanical Removal
2019-09-22,234,Cermaq Canada,Dixon Bay,49.405,-126.15055,Clayoquot Sound,In-Feed Treatment
2019-09-22,1136,MOWI Canada West,Shaw Point,50.48527,-125.88981,Discovery Islands,In-Feed Treatment
2019-09-22,820,MOWI Canada West,Wicklow Point,50.78659,-126.69153,Broughton Archipelago,In-Feed Treatment
2019-09-23,1300,MOWI Canada West,Althorpe,50.47531,-125.80975,Discovery Islands,In-Feed Treatment
2019-09-24,1198,MOWI Canada West,Raynor,50.89253,-127.25359,Port Hardy,In-Feed Treatment
2019-09-27,7714,MOWI Canada West,Alexander,52.67648,-128.57494,Central Coast,In-Feed Treatment
2019-09-27,7713,MOWI Canada West,Cougar,52.71993,-128.57432,Central Coast,In-Feed Treatment
2019-09-27,1338,MOWI Canada West,Mahatta East,50.474562,-127.787808,Quatsino Sound,In-Feed Treatment
2019-09-29,465,MOWI Canada West,Swanson,50.61871,-126.70473,Broughton Archipelago,In-Feed Treatment
2019-09-30,1237,MOWI Canada West,Monday Rocks,50.485621,-127.8761792,Quatsino Sound,In-Feed Treatment
2019-10-01,1293,MOWI Canada West,Duncan Island,50.8195,-127.55568,Port Hardy,Harvest
2019-10-01,1382,MOWI Canada West,Robertson,50.93242,-127.42537,Port Hardy,Harvest
2019-10-06,1581,MOWI Canada West,Hardwicke,50.41339,-125.76974,Discovery Islands,Harvest
2019-10-16,1238,MOWI Canada West,Mahatta West,50.4691416,-127.835771,Quatsino Sound,In-Feed Treatment
2019-10-16,314,Cermaq Canada,Ross Pass,49.32437,-126.04849,Clayoquot Sound,Mechanical Removal
2019-10-18,211,MOWI Canada West,Okisollo,50.30946,-125.31618,Discovery Islands,Non-Medicinal Bath Treatment
2019-10-20,144,MOWI Canada West,Koskimo,50.45861,-127.88988,Quatsino Sound,In-Feed Treatment
2019-10-23,871,Grieg Seafood BC,Barnes Bay,50.32437,-125.26039,Discovery Islands,In-Feed Treatment
2019-10-25,1507,Cermaq Canada,Millar Channel,49.37622,-126.09003,Clayoquot Sound,Mechanical Removal
2019-10-26,1849,Grieg Seafood BC,Muchalat North,49.64394,-126.33953,Nootka Sound,In-Feed Treatment
2019-10-29,1738,Grieg Seafood BC,Atrevida,49.65603,-126.45404,Nootka Sound,In-Feed Treatment
2019-10-30,1789,Grieg Seafood BC,Concepcion,49.65923,-126.47587,Nootka Sound,In-Feed Treatment
2019-10-30,1762,Grieg Seafood BC,Gore,49.6466,-126.43167,Nootka Sound,In-Feed Treatment
2019-11-01,1705,Grieg Seafood BC,Williamson,49.65623,-126.42849,Nootka Sound,In-Feed Treatment
2019-11-06,739,MOWI Canada West,Upper Retreat,50.72183,-126.5681,Broughton Archipelago,Non-Medicinal Bath Treatment
2019-12-03,227,Cermaq Canada,Bawden,49.30905,-126.00742,Clayoquot Sound,Mechanical Removal
2019-12-08,1148,Cermaq Canada,Binns Island,49.34182,-125.95328,Clayoquot Sound,Mechanical Removal
2019-12-13,314,Cermaq Canada,Ross Pass,49.32437,-126.04849,Clayoquot Sound,Mechanical Removal
2019-12-15,467,MOWI Canada West,Midsummer,50.65784,-126.66298,Broughton Archipelago,Non-Medicinal Bath Treatment
2019-12-21,1401,Cermaq Canada,Brent Island,50.28613,-125.34917,Discovery Islands,In-Feed Treatment
2019-12-24,332,Grieg Seafood BC,Salten,49.61535,-123.83407,Sunshine Coast,In-Feed Treatment
2019-12-24,746,Grieg Seafood BC,Site 13,49.6291,-123.84265,Sunshine Coast,In-Feed Treatment
2019-12-24,221,Grieg Seafood BC,Vantage,49.67226,-123.86019,Sunshine Coast,In-Feed Treatment
2020-01-01,543,Cermaq Canada,Mussel Rock,49.25925,-125.86762,Clayoquot Sound,Mechanical Removal
2020-01-01,527,Cermaq Canada,Saranac Island,49.24803,-125.90671,Clayoquot Sound,Mechanical Removal
2020-01-04,467,MOWI Canada West,Midsummer,50.65784,-126.66298,Broughton Archipelago,Mechanical Removal
2020-01-20,527,Cermaq Canada,Saranac Island,49.24803,-125.90671,Clayoquot Sound,In-Feed Treatment
2020-01-27,543,Cermaq Canada,Mussel Rock,49.25925,-125.86762,Clayoquot Sound,In-Feed Treatment
2020-02-01,1618,MOWI Canada West,Humphrey Rock,50.69682,-126.25532,Broughton Archipelago,In-Feed Treatment
2020-02-01,1059,MOWI Canada West,Sargeaunt Pass,50.67346,-126.18595,Broughton Archipelago,In-Feed Treatment
2020-02-03,467,MOWI Canada West,Midsummer,50.65784,-126.66298,Broughton Archipelago,In-Feed Treatment
2020-02-04,7713,MOWI Canada West,Cougar,52.71993,-128.57432,Central Coast,Mechanical Removal
2020-02-10,78,MOWI Canada West,Phillips Arm,50.48825,-125.35658,Discovery Islands,In-Feed Treatment
2020-02-10,380,MOWI Canada West,Sonora Point,50.42362,-125.30517,Discovery Islands,In-Feed Treatment
2020-02-11,458,Cermaq Canada,Cypress Harbour,50.83772,-126.66313,Broughton Archipelago,In-Feed Treatment
2020-02-17,1351,MOWI Canada West,Marsh Bay,50.90567,-127.34239,Port Hardy,In-Feed Treatment
2020-02-26,1136,MOWI Canada West,Shaw Point,50.48527,-125.88981,Discovery Islands,Mechanical Removal
2020-02-27,303,MOWI Canada West,Glacial Creek,50.01008,-123.90241,Sunshine Coast,In-Feed Treatment
2020-02-27,306,Cermaq Canada,Venture Point,50.30241,-125.33778,Discovery Islands,In-Feed Treatment
2020-03-01,227,Cermaq Canada,Bawden,49.30905,-126.00742,Clayoquot Sound,Mechanical Removal
2020-03-04,1789,Grieg Seafood BC,Concepcion,49.65923,-126.47587,Nootka Sound,Medicinal Bath Treatment
2020-03-09,1350,MOWI Canada West,Shelter Bay,50.96555,-127.45345,Port Hardy,In-Feed Treatment
2020-03-11,1762,Grieg Seafood BC,Gore,49.6466,-126.43167,Nootka Sound,Medicinal Bath Treatment
2020-03-14,1291,Cermaq Canada,McIntyre Lake,49.30557,-125.81583,Clayoquot Sound,In-Feed Treatment
2020-03-14,1472,Cermaq Canada,West Side,49.27928,-125.83065,Clayoquot Sound,In-Feed Treatment
2020-03-19,1238,MOWI Canada West,Mahatta West,50.4691416,-127.835771,Quatsino Sound,In-Feed Treatment
2020-03-22,141,MOWI Canada West,Port Elizabeth,50.67099,-126.47653,Broughton Archipelago,In-Feed Treatment
2020-03-31,540,Cermaq Canada,Fortune Channel,49.23503,-125.75174,Clayoquot Sound,In-Feed Treatment
2020-03-31,527,Cermaq Canada,Saranac Island,49.24803,-125.90671,Clayoquot Sound,Mechanical Removal
2020-04-05,1738,Grieg Seafood BC,Atrevida,49.65603,-126.45404,Nootka Sound,Medicinal Bath Treatment
2020-04-08,314,Cermaq Canada,Ross Pass,49.32437,-126.04849,Clayoquot Sound,Mechanical Removal
2020-04-14,227,Cermaq Canada,Bawden,49.30905,-126.00742,Clayoquot Sound,Mechanical Removal
2020-04-14,1849,Grieg Seafood BC,Muchalat North,49.64394,-126.33953,Nootka Sound,Harvest
2020-04-15,7713,MOWI Canada West,Cougar,52.71993,-128.57432,Central Coast,Mechanical Removal
2020-04-16,1705,Grieg Seafood BC,Williamson,49.65623,-126.42849,Nootka Sound,Medicinal Bath Treatment
2020-04-16,1705,Grieg Seafood BC,Williamson,49.65623,-126.42849,Nootka Sound,Harvest
2020-04-22,100,MOWI Canada West,Lees Bay,50.41063,-125.70029,Discovery Islands,Non-Medicinal Bath Treatment
2020-04-23,871,Grieg Seafood BC,Barnes Bay,50.32437,-125.26039,Discovery Islands,In-Feed Treatment
2020-04-27,1789,Grieg Seafood BC,Concepcion,49.65923,-126.47587,Nootka Sound,Medicinal Bath Treatment
2020-04-28,227,Cermaq Canada,Bawden,49.30905,-126.00742,Clayoquot Sound,Mechanical Removal
2020-04-30,1401,Cermaq Canada,Brent Island,50.28613,-125.34917,Discovery Islands,In-Feed Treatment
2020-05-01,7714,MOWI Canada West,Alexander,52.67648,-128.57494,Central Coast,Harvest
2020-05-01,1338,MOWI Canada West,Mahatta East,50.474562,-127.787808,Quatsino Sound,Harvest
2020-05-04,1237,MOWI Canada West,Monday Rocks,50.485621,-127.8761792,Quatsino Sound,Harvest
2020-05-08,1895,MOWI Canada West,Sheep Passage,52.79609,-128.31093,Central Coast,Medicinal Bath Treatment
2020-05-13,1762,Grieg Seafood BC,Gore,49.6466,-126.43167,Nootka Sound,Medicinal Bath Treatment
2020-05-14,7713,MOWI Canada West,Cougar,52.71993,-128.57432,Central Coast,Non-Medicinal Bath Treatment
2020-05-19,527,Cermaq Canada,Saranac Island,49.24803,-125.90671,Clayoquot Sound,Mechanical Removal
2020-05-24,221,Grieg Seafood BC,Vantage,49.67226,-123.86019,Sunshine Coast,In-Feed Treatment
2020-05-26,543,Cermaq Canada,Mussel Rock,49.25925,-125.86762,Clayoquot Sound,Mechanical Removal
2020-05-27,1738,Grieg Seafood BC,Atrevida,49.65603,-126.45404,Nootka Sound,Medicinal Bath Treatment
2020-06-01,1762,Grieg Seafood BC,Gore,49.6466,-126.43167,Nootka Sound,Harvest
2020-06-01,1136,MOWI Canada West,Shaw Point,50.48527,-125.88981,Discovery Islands,Harvest
2020-06-02,527,Cermaq Canada,Saranac Island,49.24803,-125.90671,Clayoquot Sound,Mechanical Removal
2020-06-04,7053,MOWI Canada West,Ghi ya,50.90078,-127.93638,Port Hardy,Non-Medicinal Bath Treatment
2020-06-08,7713,MOWI Canada West,Cougar,52.71993,-128.57432,Central Coast,In-Feed Treatment
2020-06-10,1789,Grieg Seafood BC,Concepcion,49.65923,-126.47587,Nootka Sound,Medicinal Bath Treatment
2020-06-11,1863,Grieg Seafood BC,Esperanza,49.87814,-126.76145,Esperanza Inlet,In-Feed Treatment
2020-06-13,100,MOWI Canada West,Lees Bay,50.41063,-125.70029,Discovery Islands,Non-Medicinal Bath Treatment
2020-06-13,527,Cermaq Canada,Saranac Island,49.24803,-125.90671,Clayoquot Sound,In-Feed Treatment
2020-06-14,332,Grieg Seafood BC,Salten,49.61535,-123.83407,Sunshine Coast,In-Feed Treatment
2020-06-15,1862,Grieg Seafood BC,Hecate,49.86799,-126.7573,Esperanza Inlet,In-Feed Treatment
2020-06-15,1079,Grieg Seafood BC,Steamer,49.88761,-126.79088,Esperanza Inlet,In-Feed Treatment
2020-06-18,746,Grieg Seafood BC,Site 13,49.6291,-123.84265,Sunshine Coast,In-Feed Treatment
2020-06-19,1762,Grieg Seafood BC,Gore,49.6466,-126.43167,Nootka Sound,Medicinal Bath Treatment
2020-06-21,1472,Cermaq Canada,West Side,49.27928,-125.83065,Clayoquot Sound,In-Feed Treatment
2020-06-22,211,MOWI Canada West,Okisollo,50.30946,-125.31618,Discovery Islands,Harvest
2020-06-26,306,Cermaq Canada,Venture Point,50.30241,-125.33778,Discovery Islands,In-Feed Treatment
2020-06-29,1738,Grieg Seafood BC,Atrevida,49.65603,-126.45404,Nootka Sound,Medicinal Bath Treatment
2020-06-29,7053,MOWI Canada West,Ghi ya,50.90078,-127.93638,Port Hardy,Medicinal Bath Treatment
2020-06-30,543,Cermaq Canada,Mussel Rock,49.25925,-125.86762,Clayoquot Sound,Mechanical Removal
2020-07-01,543,Cermaq Canada,Mussel Rock,49.25925,-125.86762,Clayoquot Sound,Harvest
2020-07-03,1335,Cermaq Canada,Wehlis Bay,50.8641,-126.92374,Broughton Archipelago,In-Feed Treatment
2020-07-07,1293,MOWI Canada West,Duncan Island,50.8195,-127.55568,Port Hardy,Non-Medicinal Bath Treatment
2020-07-09,1291,Cermaq Canada,McIntyre Lake,49.30557,-125.81583,Clayoquot Sound,In-Feed Treatment
2020-07-14,1863,Grieg Seafood BC,Esperanza,49.87814,-126.76145,Esperanza Inlet,Medicinal Bath Treatment
2020-07-15,1336,Cermaq Canada,Simmonds Point,50.87791,-126.90153,Broughton Archipelago,In-Feed Treatment
2020-07-24,1862,Grieg Seafood BC,Hecate,49.86799,-126.7573,Esperanza Inlet,Medicinal Bath Treatment
2020-07-25,527,Cermaq Canada,Saranac Island,49.24803,-125.90671,Clayoquot Sound,Mechanical Removal
2020-07-26,1293,MOWI Canada West,Duncan Island,50.8195,-127.55568,Port Hardy,Non-Medicinal Bath Treatment
2020-07-31,1079,Grieg Seafood BC,Steamer,49.88761,-126.79088,Esperanza Inlet,Medicinal Bath Treatment
2020-08-06,306,Cermaq Canada,Venture Point,50.30241,-125.33778,Discovery Islands,Mechanical Removal
2020-08-07,540,Cermaq Canada,Fortune Channel,49.23503,-125.75174,Clayoquot Sound,In-Feed Treatment
2020-08-07,467,MOWI Canada West,Midsummer,50.65784,-126.66298,Broughton Archipelago,Mechanical Removal
2020-08-10,7053,MOWI Canada West,Ghi ya,50.90078,-127.93638,Port Hardy,In-Feed Treatment
2020-08-13,871,Grieg Seafood BC,Barnes Bay,50.32437,-125.26039,Discovery Islands,Medicinal Bath Treatment
2020-08-14,100,MOWI Canada West,Lees Bay,50.41063,-125.70029,Discovery Islands,Non-Medicinal Bath Treatment
2020-08-15,1401,Cermaq Canada,Brent Island,50.28613,-125.34917,Discovery Islands,Mechanical Removal
2020-08-20,467,MOWI Canada West,Midsummer,50.65784,-126.66298,Broughton Archipelago,In-Feed Treatment
2020-08-29,1288,MOWI Canada West,Doyle Island,50.81456,-127.48698,Port Hardy,In-Feed Treatment
2020-08-29,820,MOWI Canada West,Wicklow Point,50.78659,-126.69153,Broughton Archipelago,Non-Medicinal Bath Treatment
2020-08-31,1581,MOWI Canada West,Hardwicke,50.41339,-125.76974,Discovery Islands,In-Feed Treatment
2020-09-01,790,MOWI Canada West,Chancellor Channel,50.41723,-125.66284,Discovery Islands,In-Feed Treatment
2020-09-05,100,MOWI Canada West,Lees Bay,50.41063,-125.70029,Discovery Islands,In-Feed Treatment
2020-09-06,1136,MOWI Canada West,Shaw Point,50.48527,-125.88981,Discovery Islands,In-Feed Treatment
2020-09-07,1293,MOWI Canada West,Duncan Island,50.8195,-127.55568,Port Hardy,In-Feed Treatment
2020-09-07,1351,MOWI Canada West,Marsh Bay,50.90567,-127.34239,Port Hardy,In-Feed Treatment
2020-09-12,1863,Grieg Seafood BC,Esperanza,49.87814,-126.76145,Esperanza Inlet,Medicinal Bath Treatment
2020-09-21,1862,Grieg Seafood BC,Hecate,49.86799,-126.7573,Esperanza Inlet,Medicinal Bath Treatment
2020-09-26,1079,Grieg Seafood BC,Steamer,49.88761,-126.79088,Esperanza Inlet,Medicinal Bath Treatment
2020-10-06,1863,Grieg Seafood BC,Esperanza,49.87814,-126.76145,Esperanza Inlet,Medicinal Bath Treatment
2020-10-11,790,MOWI Canada West,Chancellor Channel,50.41723,-125.66284,Discovery Islands,Non-Medicinal Bath Treatment
2020-10-16,1862,Grieg Seafood BC,Hecate,49.86799,-126.7573,Esperanza Inlet,Mechanical Removal
2020-10-21,1079,Grieg Seafood BC,Steamer,49.88761,-126.79088,Esperanza Inlet,Mechanical Removal
2020-10-26,1863,Grieg Seafood BC,Esperanza,49.87814,-126.76145,Esperanza Inlet,Mechanical Removal
2020-10-31,78,MOWI Canada West,Phillips Arm,50.48825,-125.35658,Discovery Islands,In-Feed Treatment
2020-11-01,1862,Grieg Seafood BC,Hecate,49.86799,-126.7573,Esperanza Inlet,Mechanical Removal
2020-11-03,1862,Grieg Seafood BC,Hecate,49.86799,-126.7573,Esperanza Inlet,Medicinal Bath Treatment
2020-11-08,1401,Cermaq Canada,Brent Island,50.28613,-125.34917,Discovery Islands,In-Feed Treatment
2020-11-09,1581,MOWI Canada West,Hardwicke,50.41339,-125.76974,Discovery Islands,Non-Medicinal Bath Treatment
2020-11-09,1136,MOWI Canada West,Shaw Point,50.48527,-125.88981,Discovery Islands,Non-Medicinal Bath Treatment
2020-11-25,304,Cermaq Canada,Raza Island,50.32159,-125.00882,Discovery Islands,In-Feed Treatment
2020-12-03,820,MOWI Canada West,Wicklow Point,50.78659,-126.69153,Broughton Archipelago,Mechanical Removal
2020-12-05,540,Cermaq Canada,Fortune Channel,49.23503,-125.75174,Clayoquot Sound,Mechanical Removal
2020-12-06,1895,MOWI Canada West,Sheep Passage,52.79609,-128.31093,Central Coast,Medicinal Bath Treatment
2020-12-06,1350,MOWI Canada West,Shelter Bay,50.96555,-127.45345,Port Hardy,In-Feed Treatment
2020-12-21,1079,Grieg Seafood BC,Steamer,49.88761,-126.79088,Esperanza Inlet,Medicinal Bath Treatment
2020-12-23,790,MOWI Canada West,Chancellor Channel,50.41723,-125.66284,Discovery Islands,Non-Medicinal Bath Treatment
2021-01-02,1581,MOWI Canada West,Hardwicke,50.41339,-125.76974,Discovery Islands,Non-Medicinal Bath Treatment
2021-01-04,1691,MOWI Canada West,Kid Bay,52.80108,-128.40431,Central Coast,Medicinal Bath Treatment
2021-01-12,540,Cermaq Canada,Fortune Channel,49.23503,-125.75174,Clayoquot Sound,Mechanical Removal
2021-01-17,1288,MOWI Canada West,Doyle Island,50.81456,-127.48698,Port Hardy,Non-Medicinal Bath Treatment
2021-01-19,1288,MOWI Canada West,Doyle Island,50.81456,-127.48698,Port Hardy,Medicinal Bath Treatment
2021-01-19,1291,Cermaq Canada,McIntyre Lake,49.30557,-125.81583,Clayoquot Sound,Mechanical Removal
2021-01-26,458,Cermaq Canada,Cypress Harbour,50.83772,-126.66313,Broughton Archipelago,In-Feed Treatment
2021-01-26,1862,Grieg Seafood BC,Hecate,49.86799,-126.7573,Esperanza Inlet,Medicinal Bath Treatment
2021-01-26,1336,Cermaq Canada,Simmonds Point,50.87791,-126.90153,Broughton Archipelago,In-Feed Treatment
2021-01-26,1335,Cermaq Canada,Wehlis Bay,50.8641,-126.92374,Broughton Archipelago,In-Feed Treatment
2021-01-27,1136,MOWI Canada West,Shaw Point,50.48527,-125.88981,Discovery Islands,Non-Medicinal Bath Treatment
2021-01-27,1472,Cermaq Canada,West Side,49.27928,-125.83065,Clayoquot Sound,Mechanical Removal
2021-02-01,1300,MOWI Canada West,Althorpe,50.47531,-125.80975,Discovery Islands,Non-Medicinal Bath Treatment
2021-02-01,1863,Grieg Seafood BC,Esperanza,49.87814,-126.76145,Esperanza Inlet,Medicinal Bath Treatment
2021-02-02,1586,MOWI Canada West,Doctor Islets,50.65373,-126.28925,Broughton Archipelago,In-Feed Treatment
2021-02-02,820,MOWI Canada West,Wicklow Point,50.78659,-126.69153,Broughton Archipelago,In-Feed Treatment
2021-02-05,540,Cermaq Canada,Fortune Channel,49.23503,-125.75174,Clayoquot Sound,Mechanical Removal
2021-02-05,1825,Grieg Seafood BC,Noo-la,50.60799,-126.36301,Broughton Archipelago,In-Feed Treatment
2021-02-05,7273,Grieg Seafood BC,Tsa-ya,50.6133,-126.33073,Broughton Archipelago,In-Feed Treatment
2021-02-05,1839,Grieg Seafood BC,Wa-kwa,50.60106,-126.34741,Broughton Archipelago,In-Feed Treatment
2021-02-11,728,Cermaq Canada,Sir Edmund Bay,50.83096,-126.59684,Broughton Archipelago,In-Feed Treatment
2021-02-11,1079,Grieg Seafood BC,Steamer,49.88761,-126.79088,Esperanza Inlet,Medicinal Bath Treatment
2021-02-12,1291,Cermaq Canada,McIntyre Lake,49.30557,-125.81583,Clayoquot Sound,Mechanical Removal
2021-02-14,1300,MOWI Canada West,Althorpe,50.47531,-125.80975,Discovery Islands,In-Feed Treatment
2021-02-16,869,Cermaq Canada,Maude Island,50.85271,-126.75743,Broughton Archipelago,In-Feed Treatment
2021-02-17,1895,MOWI Canada West,Sheep Passage,52.79609,-128.31093,Central Coast,Medicinal Bath Treatment
2021-02-22,540,Cermaq Canada,Fortune Channel,49.23503,-125.75174,Clayoquot Sound,Mechanical Removal
2021-02-23,1472,Cermaq Canada,West Side,49.27928,-125.83065,Clayoquot Sound,Mechanical Removal
2021-02-25,790,MOWI Canada West,Chancellor Channel,50.41723,-125.66284,Discovery Islands,Non-Medicinal Bath Treatment
2021-02-26,1293,MOWI Canada West,Duncan Island,50.8195,-127.55568,Port Hardy,Medicinal Bath Treatment
2021-03-03,1291,Cermaq Canada,McIntyre Lake,49.30557,-125.81583,Clayoquot Sound,Mechanical Removal
2021-03-11,526,Cermaq Canada,Rant Point,49.2567,-125.84153,Clayoquot Sound,Medicinal Bath Treatment
2021-03-12,314,Cermaq Canada,Ross Pass,49.32437,-126.04849,Clayoquot Sound,Mechanical Removal
2021-03-13,1581,MOWI Canada West,Hardwicke,50.41339,-125.76974,Discovery Islands,Non-Medicinal Bath Treatment
2021-03-15,540,Cermaq Canada,Fortune Channel,49.23503,-125.75174,Clayoquot Sound,Mechanical Removal
2021-03-16,527,Cermaq Canada,Saranac Island,49.24803,-125.90671,Clayoquot Sound,Medicinal Bath Treatment
2021-03-17,1863,Grieg Seafood BC,Esperanza,49.87814,-126.76145,Esperanza Inlet,Mechanical Removal
2021-03-20,227,Cermaq Canada,Bawden,49.30905,-126.00742,Clayoquot Sound,Medicinal Bath Treatment
2021-03-22,1586,MOWI Canada West,Doctor Islets,50.65373,-126.28925,Broughton Archipelago,Mechanical Removal
2021-03-23,234,Cermaq Canada,Dixon Bay,49.405,-126.15055,Clayoquot Sound,Medicinal Bath Treatment
2021-03-25,1293,MOWI Canada West,Duncan Island,50.8195,-127.55568,Port Hardy,In-Feed Treatment
2021-03-25,1862,Grieg Seafood BC,Hecate,49.86799,-126.7573,Esperanza Inlet,Mechanical Removal
2021-03-27,1288,MOWI Canada West,Doyle Island,50.81456,-127.48698,Port Hardy,In-Feed Treatment
2021-03-28,1862,Grieg Seafood BC,Hecate,49.86799,-126.7573,Esperanza Inlet,Medicinal Bath Treatment
2021-03-29,1136,MOWI Canada West,Shaw Point,50.48527,-125.88981,Discovery Islands,Non-Medicinal Bath Treatment
2021-03-30,1291,Cermaq Canada,McIntyre Lake,49.30557,-125.81583,Clayoquot Sound,Mechanical Removal
2021-04-07,1293,MOWI Canada West,Duncan Island,50.8195,-127.55568,Port Hardy,Medicinal Bath Treatment
2021-04-07,7273,Grieg Seafood BC,Tsa-ya,50.6133,-126.33073,Broughton Archipelago,Medicinal Bath Treatment
2021-04-12,831,MOWI Canada West,Shelter Pass,50.88414,-127.5004,Port Hardy,Non-Medicinal Bath Treatment
2021-04-13,1335,Cermaq Canada,Wehlis Bay,50.8641,-126.92374,Broughton Archipelago,Mechanical Removal
2021-04-15,1839,Grieg Seafood BC,Wa-kwa,50.60106,-126.34741,Broughton Archipelago,Medicinal Bath Treatment
2021-04-20,1336,Cermaq Canada,Simmonds Point,50.87791,-126.90153,Broughton Archipelago,Mechanical Removal
2021-04-21,143,MOWI Canada West,Larsen Island,50.60175,-126.63284,Broughton Archipelago,In-Feed Treatment
2021-04-22,1825,Grieg Seafood BC,Noo-la,50.60799,-126.36301,Broughton Archipelago,Medicinal Bath Treatment
2021-04-24,526,Cermaq Canada,Rant Point,49.2567,-125.84153,Clayoquot Sound,Mechanical Removal
2021-04-29,1288,MOWI Canada West,Doyle Island,50.81456,-127.48698,Port Hardy,Medicinal Bath Treatment
2021-04-29,141,MOWI Canada West,Port Elizabeth,50.67099,-126.47653,Broughton Archipelago,In-Feed Treatment
2021-04-30,540,Cermaq Canada,Fortune Channel,49.23503,-125.75174,Clayoquot Sound,Mechanical Removal
2021-05-04,1863,Grieg Seafood BC,Esperanza,49.87814,-126.76145,Esperanza Inlet,Medicinal Bath Treatment
2021-05-04,527,Cermaq Canada,Saranac Island,49.24803,-125.90671,Clayoquot Sound,Mechanical Removal
2021-05-08,1862,Grieg Seafood BC,Hecate,49.86799,-126.7573,Esperanza Inlet,Medicinal Bath Treatment
2021-05-08,1895,MOWI Canada West,Sheep Passage,52.79609,-128.31093,Central Coast,Non-Medicinal Bath Treatment
2021-05-11,526,Cermaq Canada,Rant Point,49.2567,-125.84153,Clayoquot Sound,Mechanical Removal
2021-05-12,1895,MOWI Canada West,Sheep Passage,52.79609,-128.31093,Central Coast,Medicinal Bath Treatment
2021-05-13,1691,MOWI Canada West,Kid Bay,52.80108,-128.40431,Central Coast,Mechanical Removal
2021-05-17,314,Cermaq Canada,Ross Pass,49.32437,-126.04849,Clayoquot Sound,Mechanical Removal
2021-05-17,1079,Grieg Seafood BC,Steamer,49.88761,-126.79088,Esperanza Inlet,Harvest
2021-05-20,790,MOWI Canada West,Chancellor Channel,50.41723,-125.66284,Discovery Islands,Non-Medicinal Bath Treatment
2021-05-20,527,Cermaq Canada,Saranac Island,49.24803,-125.90671,Clayoquot Sound,Mechanical Removal
2021-05-23,1507,Cermaq Canada,Millar Channel,49.37622,-126.09003,Clayoquot Sound,Mechanical Removal
2021-05-27,1079,Grieg Seafood BC,Steamer,49.88761,-126.79088,Esperanza Inlet,Medicinal Bath Treatment
2021-05-28,1300,MOWI Canada West,Althorpe,50.47531,-125.80975,Discovery Islands,Non-Medicinal Bath Treatment
2021-06-02,1863,Grieg Seafood BC,Esperanza,49.87814,-126.76145,Esperanza Inlet,Medicinal Bath Treatment
2021-06-02,7273,Grieg Seafood BC,Tsa-ya,50.6133,-126.33073,Broughton Archipelago,Mechanical Removal
2021-06-06,526,Cermaq Canada,Rant Point,49.2567,-125.84153,Clayoquot Sound,Mechanical Removal
2021-06-07,1862,Grieg Seafood BC,Hecate,49.86799,-126.7573,Esperanza Inlet,Medicinal Bath Treatment
2021-06-09,143,MOWI Canada West,Larsen Island,50.60175,-126.63284,Broughton Archipelago,Medicinal Bath Treatment
2021-06-11,527,Cermaq Canada,Saranac Island,49.24803,-125.90671,Clayoquot Sound,Mechanical Removal
2021-06-11,1336,Cermaq Canada,Simmonds Point,50.87791,-126.90153,Broughton Archipelago,Mechanical Removal
2021-06-15,1825,Grieg Seafood BC,Noo-la,50.60799,-126.36301,Broughton Archipelago,Medicinal Bath Treatment
2021-06-17,141,MOWI Canada West,Port Elizabeth,50.67099,-126.47653,Broughton Archipelago,Medicinal Bath Treatment
2021-06-20,1507,Cermaq Canada,Millar Channel,49.37622,-126.09003,Clayoquot Sound,Mechanical Removal
2021-06-20,1335,Cermaq Canada,Wehlis Bay,50.8641,-126.92374,Broughton Archipelago,Mechanical Removal
2021-06-25,227,Cermaq Canada,Bawden,49.30905,-126.00742,Clayoquot Sound,Mechanical Removal
2021-06-25,7273,Grieg Seafood BC,Tsa-ya,50.6133,-126.33073,Broughton Archipelago,Medicinal Bath Treatment
2021-06-28,1839,Grieg Seafood BC,Wa-kwa,50.60106,-126.34741,Broughton Archipelago,Medicinal Bath Treatment
2021-07-02,7273,Grieg Seafood BC,Tsa-ya,50.6133,-126.33073,Broughton Archipelago,Mechanical Removal
2021-07-03,314,Cermaq Canada,Ross Pass,49.32437,-126.04849,Clayoquot Sound,Mechanical Removal
2021-07-04,144,MOWI Canada West,Koskimo,50.45861,-127.88988,Quatsino Sound,In-Feed Treatment
2021-07-04,1338,MOWI Canada West,Mahatta East,50.474562,-127.787808,Quatsino Sound,In-Feed Treatment
2021-07-04,1238,MOWI Canada West,Mahatta West,50.4691416,-127.835771,Quatsino Sound,In-Feed Treatment
2021-07-04,1237,MOWI Canada West,Monday Rocks,50.485621,-127.8761792,Quatsino Sound,In-Feed Treatment
2021-07-06,820,MOWI Canada West,Wicklow Point,50.78659,-126.69153,Broughton Archipelago,Non-Medicinal Bath Treatment
2021-07-07,1691,MOWI Canada West,Kid Bay,52.80108,-128.40431,Central Coast,In-Feed Treatment
2021-07-07,1895,MOWI Canada West,Sheep Passage,52.79609,-128.31093,Central Coast,In-Feed Treatment
2021-07-09,234,Cermaq Canada,Dixon Bay,49.405,-126.15055,Clayoquot Sound,Mechanical Removal
2021-07-09,1507,Cermaq Canada,Millar Channel,49.37622,-126.09003,Clayoquot Sound,Mechanical Removal
2021-07-13,820,MOWI Canada West,Wicklow Point,50.78659,-126.69153,Broughton Archipelago,In-Feed Treatment
2021-07-15,227,Cermaq Canada,Bawden,49.30905,-126.00742,Clayoquot Sound,Mechanical Removal
2021-07-16,7713,MOWI Canada West,Cougar,52.71993,-128.57432,Central Coast,Medicinal Bath Treatment
2021-07-16,1351,MOWI Canada West,Marsh Bay,50.90567,-127.34239,Port Hardy,Medicinal Bath Treatment
2021-07-16,526,Cermaq Canada,Rant Point,49.2567,-125.84153,Clayoquot Sound,Mechanical Removal
2021-07-20,1849,Grieg Seafood BC,Muchalat North,49.64394,-126.33953,Nootka Sound,Harvest
2021-07-23,314,Cermaq Canada,Ross Pass,49.32437,-126.04849,Clayoquot Sound,Mechanical Removal
2021-07-23,7273,Grieg Seafood BC,Tsa-ya,50.6133,-126.33073,Broughton Archipelago,Medicinal Bath Treatment
2021-07-24,234,Cermaq Canada,Dixon Bay,49.405,-126.15055,Clayoquot Sound,Mechanical Removal
2021-07-27,465,MOWI Canada West,Swanson,50.61871,-126.70473,Broughton Archipelago,Mechanical Removal
2021-07-31,227,Cermaq Canada,Bawden,49.30905,-126.00742,Clayoquot Sound,Mechanical Removal
2021-08-03,831,MOWI Canada West,Shelter Pass,50.88414,-127.5004,Port Hardy,Non-Medicinal Bath Treatment
2021-08-05,527,Cermaq Canada,Saranac Island,49.24803,-125.90671,Clayoquot Sound,Mechanical Removal
2021-08-11,467,MOWI Canada West,Midsummer,50.65784,-126.66298,Broughton Archipelago,Mechanical Removal
2021-08-14,314,Cermaq Canada,Ross Pass,49.32437,-126.04849,Clayoquot Sound,Mechanical Removal
2021-08-19,7713,MOWI Canada West,Cougar,52.71993,-128.57432,Central Coast,Medicinal Bath Treatment
2021-08-19,234,Cermaq Canada,Dixon Bay,49.405,-126.15055,Clayoquot Sound,Mechanical Removal
2021-08-24,1507,Cermaq Canada,Millar Channel,49.37622,-126.09003,Clayoquot Sound,Mechanical Removal
2021-08-31,527,Cermaq Canada,Saranac Island,49.24803,-125.90671,Clayoquot Sound,Mechanical Removal
2021-09-04,543,Cermaq Canada,Mussel Rock,49.25925,-125.86762,Clayoquot Sound,Mechanical Removal
2021-09-05,1336,Cermaq Canada,Simmonds Point,50.87791,-126.90153,Broughton Archipelago,Mechanical Removal
2021-09-08,1351,MOWI Canada West,Marsh Bay,50.90567,-127.34239,Port Hardy,Non-Medicinal Bath Treatment
2021-09-09,1738,Grieg Seafood BC,Atrevida,49.65603,-126.45404,Nootka Sound,In-Feed Treatment
2021-09-09,1762,Grieg Seafood BC,Gore,49.6466,-126.43167,Nootka Sound,In-Feed Treatment
2021-09-10,1849,Grieg Seafood BC,Muchalat North,49.64394,-126.33953,Nootka Sound,In-Feed Treatment
2021-09-10,1705,Grieg Seafood BC,Williamson,49.65623,-126.42849,Nootka Sound,In-Feed Treatment
2021-09-13,1789,Grieg Seafood BC,Concepcion,49.65923,-126.47587,Nootka Sound,In-Feed Treatment
2021-09-17,234,Cermaq Canada,Dixon Bay,49.405,-126.15055,Clayoquot Sound,Mechanical Removal
2021-09-20,465,MOWI Canada West,Swanson,50.61871,-126.70473,Broughton Archipelago,Mechanical Removal
2021-09-21,1300,MOWI Canada West,Althorpe,50.47531,-125.80975,Discovery Islands,Non-Medicinal Bath Treatment
2021-09-22,526,Cermaq Canada,Rant Point,49.2567,-125.84153,Clayoquot Sound,Mechanical Removal
2021-09-23,314,Cermaq Canada,Ross Pass,49.32437,-126.04849,Clayoquot Sound,Mechanical Removal
2021-09-25,1825,Grieg Seafood BC,Noo-la,50.60799,-126.36301,Broughton Archipelago,Medicinal Bath Treatment
2021-09-27,527,Cermaq Canada,Saranac Island,49.24803,-125.90671,Clayoquot Sound,Mechanical Removal
2021-09-30,467,MOWI Canada West,Midsummer,50.65784,-126.66298,Broughton Archipelago,Non-Medicinal Bath Treatment
2021-10-01,1507,Cermaq Canada,Millar Channel,49.37622,-126.09003,Clayoquot Sound,Mechanical Removal
2021-10-04,543,Cermaq Canada,Mussel Rock,49.25925,-125.86762,Clayoquot Sound,Mechanical Removal
2021-10-05,332,Grieg Seafood BC,Salten,49.61535,-123.83407,Sunshine Coast,In-Feed Treatment
2021-10-05,746,Grieg Seafood BC,Site 13,49.6291,-123.84265,Sunshine Coast,In-Feed Treatment
2021-10-05,221,Grieg Seafood BC,Vantage,49.67226,-123.86019,Sunshine Coast,In-Feed Treatment
2021-10-09,465,MOWI Canada West,Swanson,50.61871,-126.70473,Broughton Archipelago,Non-Medicinal Bath Treatment
2021-10-10,227,Cermaq Canada,Bawden,49.30905,-126.00742,Clayoquot Sound,Mechanical Removal
2021-10-10,234,Cermaq Canada,Dixon Bay,49.405,-126.15055,Clayoquot Sound,Mechanical Removal
2021-10-12,1849,Grieg Seafood BC,Muchalat North,49.64394,-126.33953,Nootka Sound,Medicinal Bath Treatment
2021-10-13,1698,Grieg Seafood BC,Ahlstrom,49.7793,-124.15395,Sunshine Coast,In-Feed Treatment
2021-10-13,1697,Grieg Seafood BC,Culloden,49.79595,-124.10162,Sunshine Coast,In-Feed Treatment
2021-10-13,1351,MOWI Canada West,Marsh Bay,50.90567,-127.34239,Port Hardy,In-Feed Treatment
2021-10-14,467,MOWI Canada West,Midsummer,50.65784,-126.66298,Broughton Archipelago,In-Feed Treatment
2021-10-16,1507,Cermaq Canada,Millar Channel,49.37622,-126.09003,Clayoquot Sound,Mechanical Removal
2021-10-16,314,Cermaq Canada,Ross Pass,49.32437,-126.04849,Clayoquot Sound,Mechanical Removal
2021-10-19,467,MOWI Canada West,Midsummer,50.65784,-126.66298,Broughton Archipelago,Non-Medicinal Bath Treatment
2021-10-19,465,MOWI Canada West,Swanson,50.61871,-126.70473,Broughton Archipelago,In-Feed Treatment
2021-10-24,1705,Grieg Seafood BC,Williamson,49.65623,-126.42849,Nootka Sound,Mechanical Removal
2021-10-26,465,MOWI Canada West,Swanson,50.61871,-126.70473,Broughton Archipelago,Non-Medicinal Bath Treatment
2021-10-29,527,Cermaq Canada,Saranac Island,49.24803,-125.90671,Clayoquot Sound,Mechanical Removal
2021-10-30,831,MOWI Canada West,Shelter Pass,50.88414,-127.5004,Port Hardy,Non-Medicinal Bath Treatment
2021-11-06,526,Cermaq Canada,Rant Point,49.2567,-125.84153,Clayoquot Sound,Mechanical Removal
2021-11-11,1762,Grieg Seafood BC,Gore,49.6466,-126.43167,Nootka Sound,Medicinal Bath Treatment
2021-11-13,1618,MOWI Canada West,Humphrey Rock,50.69682,-126.25532,Broughton Archipelago,Mechanical Removal
2021-11-19,1738,Grieg Seafood BC,Atrevida,49.65603,-126.45404,Nootka Sound,Medicinal Bath Treatment
2021-11-19,234,Cermaq Canada,Dixon Bay,49.405,-126.15055,Clayoquot Sound,Mechanical Removal
2021-11-25,527,Cermaq Canada,Saranac Island,49.24803,-125.90671,Clayoquot Sound,Mechanical Removal
2021-11-30,1789,Grieg Seafood BC,Concepcion,49.65923,-126.47587,Nootka Sound,Medicinal Bath Treatment
2021-12-03,543,Cermaq Canada,Mussel Rock,49.25925,-125.86762,Clayoquot Sound,Mechanical Removal
2021-12-10,227,Cermaq Canada,Bawden,49.30905,-126.00742,Clayoquot Sound,Mechanical Removal
2021-12-14,1136,MOWI Canada West,Shaw Point,50.48527,-125.88981,Discovery Islands,Mechanical Removal
2021-12-15,1238,MOWI Canada West,Mahatta West,50.4691416,-127.835771,Quatsino Sound,Non-Medicinal Bath Treatment
2021-12-19,526,Cermaq Canada,Rant Point,49.2567,-125.84153,Clayoquot Sound,Mechanical Removal
2021-12-25,540,Cermaq Canada,Fortune Channel,49.23503,-125.75174,Clayoquot Sound,Medicinal Bath Treatment
2021-12-25,527,Cermaq Canada,Saranac Island,49.24803,-125.90671,Clayoquot Sound,Mechanical Removal
2021-12-31,1237,MOWI Canada West,Monday Rocks,50.485621,-127.8761792,Quatsino Sound,Non-Medicinal Bath Treatment
2021-12-31,1705,Grieg Seafood BC,Williamson,49.65623,-126.42849,Nootka Sound,Medicinal Bath Treatment
2022-01-06,314,Cermaq Canada,Ross Pass,49.32437,-126.04849,Clayoquot Sound,Mechanical Removal
2022-01-07,1237,MOWI Canada West,Monday Rocks,50.485621,-127.8761792,Quatsino Sound,In-Feed Treatment
2022-01-10,1238,MOWI Canada West,Mahatta West,50.4691416,-127.835771,Quatsino Sound,In-Feed Treatment
2022-01-11,144,MOWI Canada West,Koskimo,50.45861,-127.88988,Quatsino Sound,Harvest
2022-01-13,1762,Grieg Seafood BC,Gore,49.6466,-126.43167,Nootka Sound,Medicinal Bath Treatment
2022-01-14,1338,MOWI Canada West,Mahatta East,50.474562,-127.787808,Quatsino Sound,Non-Medicinal Bath Treatment
2022-01-14,1507,Cermaq Canada,Millar Channel,49.37622,-126.09003,Clayoquot Sound,Mechanical Removal
2022-01-17,1136,MOWI Canada West,Shaw Point,50.48527,-125.88981,Discovery Islands,In-Feed Treatment
2022-01-18,526,Cermaq Canada,Rant Point,49.2567,-125.84153,Clayoquot Sound,Mechanical Removal
2022-01-19,234,Cermaq Canada,Dixon Bay,49.405,-126.15055,Clayoquot Sound,Mechanical Removal
2022-01-20,1849,Grieg Seafood BC,Muchalat North,49.64394,-126.33953,Nootka Sound,Mechanical Removal
2022-01-24,1618,MOWI Canada West,Humphrey Rock,50.69682,-126.25532,Broughton Archipelago,Mechanical Removal
2022-01-25,7713,MOWI Canada West,Cougar,52.71993,-128.57432,Central Coast,Non-Medicinal Bath Treatment
2022-01-25,527,Cermaq Canada,Saranac Island,49.24803,-125.90671,Clayoquot Sound,Mechanical Removal
2022-01-26,227,Cermaq Canada,Bawden,49.30905,-126.00742,Clayoquot Sound,Mechanical Removal
2022-01-27,520,Cermaq Canada,Bedwell,49.26548,-125.81247,Clayoquot Sound,Medicinal Bath Treatment
2022-01-27,1338,MOWI Canada West,Mahatta East,50.474562,-127.787808,Quatsino Sound,Medicinal Bath Treatment
2022-02-01,1738,Grieg Seafood BC,Atrevida,49.65603,-126.45404,Nootka Sound,Mechanical Removal
2022-02-01,314,Cermaq Canada,Ross Pass,49.32437,-126.04849,Clayoquot Sound,Mechanical Removal
2022-02-02,1618,MOWI Canada West,Humphrey Rock,50.69682,-126.25532,Broughton Archipelago,In-Feed Treatment
2022-02-03,1059,MOWI Canada West,Sargeaunt Pass,50.67346,-126.18595,Broughton Archipelago,In-Feed Treatment
2022-02-05,543,Cermaq Canada,Mussel Rock,49.25925,-125.86762,Clayoquot Sound,Mechanical Removal
2022-02-07,1351,MOWI Canada West,Marsh Bay,50.90567,-127.34239,Port Hardy,Non-Medicinal Bath Treatment
2022-02-07,1507,Cermaq Canada,Millar Channel,49.37622,-126.09003,Clayoquot Sound,Mechanical Removal
2022-02-08,465,MOWI Canada West,Swanson,50.61871,-126.70473,Broughton Archipelago,Mechanical Removal
2022-02-10,7714,MOWI Canada West,Alexander,52.67648,-128.57494,Central Coast,Medicinal Bath Treatment
2022-02-11,1238,MOWI Canada West,Mahatta West,50.4691416,-127.835771,Quatsino Sound,Mechanical Removal
2022-02-12,1789,Grieg Seafood BC,Concepcion,49.65923,-126.47587,Nootka Sound,Medicinal Bath Treatment
2022-02-12,1789,Grieg Seafood BC,Concepcion,49.65923,-126.47587,Nootka Sound,Mechanical Removal
2022-02-12,234,Cermaq Canada,Dixon Bay,49.405,-126.15055,Clayoquot Sound,Mechanical Removal
2022-02-13,526,Cermaq Canada,Rant Point,49.2567,-125.84153,Clayoquot Sound,Mechanical Removal
2022-02-13,831,MOWI Canada West,Shelter Pass,50.88414,-127.5004,Port Hardy,In-Feed Treatment
2022-02-14,728,Cermaq Canada,Sir Edmund Bay,50.83096,-126.59684,Broughton Archipelago,In-Feed Treatment
2022-02-20,540,Cermaq Canada,Fortune Channel,49.23503,-125.75174,Clayoquot Sound,Mechanical Removal
2022-02-20,467,MOWI Canada West,Midsummer,50.65784,-126.66298,Broughton Archipelago,Non-Medicinal Bath Treatment
2022-02-20,527,Cermaq Canada,Saranac Island,49.24803,-125.90671,Clayoquot Sound,Mechanical Removal
2022-02-20,1705,Grieg Seafood BC,Williamson,49.65623,-126.42849,Nootka Sound,Mechanical Removal
2022-02-22,1351,MOWI Canada West,Marsh Bay,50.90567,-127.34239,Port Hardy,In-Feed Treatment
2022-02-24,1537,Cermaq Canada,Bare Bluff,49.32702,-125.79902,Clayoquot Sound,Medicinal Bath Treatment
2022-02-26,1618,MOWI Canada West,Humphrey Rock,50.69682,-126.25532,Broughton Archipelago,Non-Medicinal Bath Treatment
2022-02-26,543,Cermaq Canada,Mussel Rock,49.25925,-125.86762,Clayoquot Sound,Mechanical Removal
2022-02-26,6668,Cermaq Canada,Plover Point,49.21438,-125.76603,Clayoquot Sound,Medicinal Bath Treatment
2022-02-26,1136,MOWI Canada West,Shaw Point,50.48527,-125.88981,Discovery Islands,Mechanical Removal
2022-02-27,526,Cermaq Canada,Rant Point,49.2567,-125.84153,Clayoquot Sound,Mechanical Removal
2022-03-03,314,Cermaq Canada,Ross Pass,49.32437,-126.04849,Clayoquot Sound,Harvest
2022-03-06,1507,Cermaq Canada,Millar Channel,49.37622,-126.09003,Clayoquot Sound,Mechanical Removal
2022-03-07,227,Cermaq Canada,Bawden,49.30905,-126.00742,Clayoquot Sound,Mechanical Removal
2022-03-07,1691,MOWI Canada West,Kid Bay,52.80108,-128.40431,Central Coast,Non-Medicinal Bath Treatment
2022-03-08,332,Grieg Seafood BC,Salten,49.61535,-123.83407,Sunshine Coast,In-Feed Treatment
2022-03-08,527,Cermaq Canada,Saranac Island,49.24803,-125.90671,Clayoquot Sound,Harvest
2022-03-08,746,Grieg Seafood BC,Site 13,49.6291,-123.84265,Sunshine Coast,In-Feed Treatment
2022-03-08,221,Grieg Seafood BC,Vantage,49.67226,-123.86019,Sunshine Coast,In-Feed Treatment
2022-03-10,1762,Grieg Seafood BC,Gore,49.6466,-126.43167,Nootka Sound,Mechanical Removal
2022-03-11,540,Cermaq Canada,Fortune Channel,49.23503,-125.75174,Clayoquot Sound,Mechanical Removal
2022-03-15,1059,MOWI Canada West,Sargeaunt Pass,50.67346,-126.18595,Broughton Archipelago,Mechanical Removal
2022-03-16,520,Cermaq Canada,Bedwell,49.26548,-125.81247,Clayoquot Sound,Mechanical Removal
2022-03-16,234,Cermaq Canada,Dixon Bay,49.405,-126.15055,Clayoquot Sound,Mechanical Removal
2022-03-16,1338,MOWI Canada West,Mahatta East,50.474562,-127.787808,Quatsino Sound,Harvest
2022-03-19,7713,MOWI Canada West,Cougar,52.71993,-128.57432,Central Coast,Non-Medicinal Bath Treatment
2022-03-23,227,Cermaq Canada,Bawden,49.30905,-126.00742,Clayoquot Sound,Mechanical Removal
2022-03-25,526,Cermaq Canada,Rant Point,49.2567,-125.84153,Clayoquot Sound,Mechanical Removal
2022-03-26,1738,Grieg Seafood BC,Atrevida,49.65603,-126.45404,Nootka Sound,Mechanical Removal
2022-03-27,7714,MOWI Canada West,Alexander,52.67648,-128.57494,Central Coast,Non-Medicinal Bath Treatment
2022-03-28,543,Cermaq Canada,Mussel Rock,49.25925,-125.86762,Clayoquot Sound,Mechanical Removal
2022-04-01,1507,Cermaq Canada,Millar Channel,49.37622,-126.09003,Clayoquot Sound,Mechanical Removal
2022-04-03,6668,Cermaq Canada,Plover Point,49.21438,-125.76603,Clayoquot Sound,Medicinal Bath Treatment
2022-04-06,540,Cermaq Canada,Fortune Channel,49.23503,-125.75174,Clayoquot Sound,Mechanical Removal
2022-04-06,1238,MOWI Canada West,Mahatta West,50.4691416,-127.835771,Quatsino Sound,Harvest
2022-04-07,234,Cermaq Canada,Dixon Bay,49.405,-126.15055,Clayoquot Sound,Mechanical Removal
2022-04-08,467,MOWI Canada West,Midsummer,50.65784,-126.66298,Broughton Archipelago,Mechanical Removal
2022-04-08,465,MOWI Canada West,Swanson,50.61871,-126.70473,Broughton Archipelago,Non-Medicinal Bath Treatment
2022-04-13,520,Cermaq Canada,Bedwell,49.26548,-125.81247,Clayoquot Sound,Medicinal Bath Treatment
2022-04-15,1698,Grieg Seafood BC,Ahlstrom,49.7793,-124.15395,Sunshine Coast,Mechanical Removal
2022-04-16,1351,MOWI Canada West,Marsh Bay,50.90567,-127.34239,Port Hardy,Mechanical Removal
2022-04-17,543,Cermaq Canada,Mussel Rock,49.25925,-125.86762,Clayoquot Sound,Mechanical Removal
2022-04-18,1789,Grieg Seafood BC,Concepcion,49.65923,-126.47587,Nootka Sound,Mechanical Removal
2022-04-19,831,MOWI Canada West,Shelter Pass,50.88414,-127.5004,Port Hardy,Non-Medicinal Bath Treatment
2022-04-20,1697,Grieg Seafood BC,Culloden,49.79595,-124.10162,Sunshine Coast,Mechanical Removal
2022-04-21,467,MOWI Canada West,Midsummer,50.65784,-126.66298,Broughton Archipelago,In-Feed Treatment
2022-04-26,1507,Cermaq Canada,Millar Channel,49.37622,-126.09003,Clayoquot Sound,Mechanical Removal
2022-04-29,234,Cermaq Canada,Dixon Bay,49.405,-126.15055,Clayoquot Sound,Mechanical Removal
2022-05-01,227,Cermaq Canada,Bawden,49.30905,-126.00742,Clayoquot Sound,Mechanical Removal
2022-05-02,7053,MOWI Canada West,Ghi ya,50.90078,-127.93638,Port Hardy,Non-Medicinal Bath Treatment
2022-05-03,221,Grieg Seafood BC,Vantage,49.67226,-123.86019,Sunshine Coast,Mechanical Removal
2022-05-05,540,Cermaq Canada,Fortune Channel,49.23503,-125.75174,Clayoquot Sound,Mechanical Removal
2022-05-07,1237,MOWI Canada West,Monday Rocks,50.485621,-127.8761792,Quatsino Sound,Harvest
2022-05-09,543,Cermaq Canada,Mussel Rock,49.25925,-125.86762,Clayoquot Sound,Mechanical Removal
2022-05-10,6668,Cermaq Canada,Plover Point,49.21438,-125.76603,Clayoquot Sound,Non-Medicinal Bath Treatment
2022-05-13,1537,Cermaq Canada,Bare Bluff,49.32702,-125.79902,Clayoquot Sound,Non-Medicinal Bath Treatment
2022-05-14,227,Cermaq Canada,Bawden,49.30905,-126.00742,Clayoquot Sound,Mechanical Removal
2022-05-17,520,Cermaq Canada,Bedwell,49.26548,-125.81247,Clayoquot Sound,Non-Medicinal Bath Treatment
2022-05-17,1507,Cermaq Canada,Millar Channel,49.37622,-126.09003,Clayoquot Sound,Mechanical Removal
2022-05-17,1705,Grieg Seafood BC,Williamson,49.65623,-126.42849,Nootka Sound,Medicinal Bath Treatment
2022-05-18,1738,Grieg Seafood BC,Atrevida,49.65603,-126.45404,Nootka Sound,Mechanical Removal
2022-05-21,540,Cermaq Canada,Fortune Channel,49.23503,-125.75174,Clayoquot Sound,Non-Medicinal Bath Treatment
2022-05-26,1698,Grieg Seafood BC,Ahlstrom,49.7793,-124.15395,Sunshine Coast,Mechanical Removal
2022-05-26,227,Cermaq Canada,Bawden,49.30905,-126.00742,Clayoquot Sound,Mechanical Removal
2022-05-30,1507,Cermaq Canada,Millar Channel,49.37622,-126.09003,Clayoquot Sound,Mechanical Removal
2022-05-30,6668,Cermaq Canada,Plover Point,49.21438,-125.76603,Clayoquot Sound,Mechanical Removal
2022-06-03,1789,Grieg Seafood BC,Concepcion,49.65923,-126.47587,Nootka Sound,Mechanical Removal
2022-06-04,543,Cermaq Canada,Mussel Rock,49.25925,-125.86762,Clayoquot Sound,Mechanical Removal
2022-06-06,1618,MOWI Canada West,Humphrey Rock,50.69682,-126.25532,Broughton Archipelago,Mechanical Removal
2022-06-13,7713,MOWI Canada West,Cougar,52.71993,-128.57432,Central Coast,Mechanical Removal
2022-06-17,332,Grieg Seafood BC,Salten,49.61535,-123.83407,Sunshine Coast,Mechanical Removal
2022-06-20,1537,Cermaq Canada,Bare Bluff,49.32702,-125.79902,Clayoquot Sound,Mechanical Removal
2022-06-20,1586,MOWI Canada West,Doctor Islets,50.65373,-126.28925,Broughton Archipelago,Mechanical Removal
2022-06-21,1507,Cermaq Canada,Millar Channel,49.37622,-126.09003,Clayoquot Sound,Mechanical Removal
2022-06-24,1618,MOWI Canada West,Humphrey Rock,50.69682,-126.25532,Broughton Archipelago,Non-Medicinal Bath Treatment
2022-06-26,1762,Grieg Seafood BC,Gore,49.6466,-126.43167,Nootka Sound,Mechanical Removal
2022-07-05,540,Cermaq Canada,Fortune Channel,49.23503,-125.75174,Clayoquot Sound,Mechanical Removal
2022-07-05,543,Cermaq Canada,Mussel Rock,49.25925,-125.86762,Clayoquot Sound,Mechanical Removal
2022-07-06,465,MOWI Canada West,Swanson,50.61871,-126.70473,Broughton Archipelago,Mechanical Removal
2022-07-07,7714,MOWI Canada West,Alexander,52.67648,-128.57494,Central Coast,In-Feed Treatment
2022-07-07,7713,MOWI Canada West,Cougar,52.71993,-128.57432,Central Coast,In-Feed Treatment
2022-07-11,1789,Grieg Seafood BC,Concepcion,49.65923,-126.47587,Nootka Sound,Mechanical Removal
2022-07-11,6668,Cermaq Canada,Plover Point,49.21438,-125.76603,Clayoquot Sound,Mechanical Removal
2022-07-15,465,MOWI Canada West,Swanson,50.61871,-126.70473,Broughton Archipelago,Mechanical Removal
2022-07-20,543,Cermaq Canada,Mussel Rock,49.25925,-125.86762,Clayoquot Sound,Mechanical Removal
2022-07-20,831,MOWI Canada West,Shelter Pass,50.88414,-127.5004,Port Hardy,Harvest
2022-07-23,1537,Cermaq Canada,Bare Bluff,49.32702,-125.79902,Clayoquot Sound,Mechanical Removal
2022-07-27,520,Cermaq Canada,Bedwell,49.26548,-125.81247,Clayoquot Sound,Mechanical Removal
2022-07-29,1288,MOWI Canada West,Doyle Island,50.81456,-127.48698,Port Hardy,Medicinal Bath Treatment
2022-08-05,1078,Grieg Seafood BC,Lutes Creek,49.88622,-126.76976,Esperanza Inlet,In-Feed Treatment
2022-08-06,1863,Grieg Seafood BC,Esperanza,49.87814,-126.76145,Esperanza Inlet,In-Feed Treatment
2022-08-06,1079,Grieg Seafood BC,Steamer,49.88761,-126.79088,Esperanza Inlet,In-Feed Treatment
2022-08-10,7053,MOWI Canada West,Ghi ya,50.90078,-127.93638,Port Hardy,In-Feed Treatment
2022-08-11,6668,Cermaq Canada,Plover Point,49.21438,-125.76603,Clayoquot Sound,Mechanical Removal
2022-08-16,1351,MOWI Canada West,Marsh Bay,50.90567,-127.34239,Port Hardy,Non-Medicinal Bath Treatment
2022-08-24,520,Cermaq Canada,Bedwell,49.26548,-125.81247,Clayoquot Sound,Mechanical Removal
2022-08-25,1288,MOWI Canada West,Doyle Island,50.81456,-127.48698,Port Hardy,In-Feed Treatment
2022-08-27,1350,MOWI Canada West,Shelter Bay,50.96555,-127.45345,Port Hardy,In-Feed Treatment
2022-09-02,465,MOWI Canada West,Swanson,50.61871,-126.70473,Broughton Archipelago,Non-Medicinal Bath Treatment
2022-09-02,465,MOWI Canada West,Swanson,50.61871,-126.70473,Broughton Archipelago,In-Feed Treatment
2022-09-18,1293,MOWI Canada West,Duncan Island,50.8195,-127.55568,Port Hardy,Non-Medicinal Bath Treatment
2022-09-23,1078,Grieg Seafood BC,Lutes Creek,49.88622,-126.76976,Esperanza Inlet,Mechanical Removal
2022-09-25,892,MOWI Canada West,Bell Island,50.83242,-127.52057,Port Hardy,In-Feed Treatment
2022-09-30,1288,MOWI Canada West,Doyle Island,50.81456,-127.48698,Port Hardy,In-Feed Treatment
2022-10-01,6668,Cermaq Canada,Plover Point,49.21438,-125.76603,Clayoquot Sound,Mechanical Removal
2022-10-04,1136,MOWI Canada West,Shaw Point,50.48527,-125.88981,Discovery Islands,In-Feed Treatment
2022-10-05,1863,Grieg Seafood BC,Esperanza,49.87814,-126.76145,Esperanza Inlet,Mechanical Removal
2022-10-21,7714,MOWI Canada West,Alexander,52.67648,-128.57494,Central Coast,Non-Medicinal Bath Treatment
2022-10-24,1300,MOWI Canada West,Althorpe,50.47531,-125.80975,Discovery Islands,In-Feed Treatment
2022-10-24,540,Cermaq Canada,Fortune Channel,49.23503,-125.75174,Clayoquot Sound,Mechanical Removal
2022-10-31,1895,MOWI Canada West,Sheep Passage,52.79609,-128.31093,Central Coast,Non-Medicinal Bath Treatment
2022-11-02,1079,Grieg Seafood BC,Steamer,49.88761,-126.79088,Esperanza Inlet,Mechanical Removal
2022-11-07,1863,Grieg Seafood BC,Esperanza,49.87814,-126.76145,Esperanza Inlet,Medicinal Bath Treatment
2022-11-13,7714,MOWI Canada West,Alexander,52.67648,-128.57494,Central Coast,Non-Medicinal Bath Treatment
2022-11-15,1078,Grieg Seafood BC,Lutes Creek,49.88622,-126.76976,Esperanza Inlet,Medicinal Bath Treatment
2022-11-16,520,Cermaq Canada,Bedwell,49.26548,-125.81247,Clayoquot Sound,Mechanical Removal
2022-11-18,1586,MOWI Canada West,Doctor Islets,50.65373,-126.28925,Broughton Archipelago,Non-Medicinal Bath Treatment
2022-11-25,6668,Cermaq Canada,Plover Point,49.21438,-125.76603,Clayoquot Sound,Mechanical Removal
2022-11-27,7053,MOWI Canada West,Ghi ya,50.90078,-127.93638,Port Hardy,Non-Medicinal Bath Treatment
2022-12-17,540,Cermaq Canada,Fortune Channel,49.23503,-125.75174,Clayoquot Sound,Mechanical Removal
2022-12-18,1300,MOWI Canada West,Althorpe,50.47531,-125.80975,Discovery Islands,Non-Medicinal Bath Treatment
2022-12-26,1863,Grieg Seafood BC,Esperanza,49.87814,-126.76145,Esperanza Inlet,Mechanical Removal
2022-12-28,6668,Cermaq Canada,Plover Point,49.21438,-125.76603,Clayoquot Sound,Mechanical Removal
2022-12-28,1136,MOWI Canada West,Shaw Point,50.48527,-125.88981,Discovery Islands,Non-Medicinal Bath Treatment
2023-01-01,1079,Grieg Seafood BC,Steamer,49.88761,-126.79088,Esperanza Inlet,Medicinal Bath Treatment
2023-01-04,1078,Grieg Seafood BC,Lutes Creek,49.88622,-126.76976,Esperanza Inlet,Mechanical Removal
2023-01-06,1691,MOWI Canada West,Kid Bay,52.80108,-128.40431,Central Coast,Medicinal Bath Treatment
2023-01-08,7273,Grieg Seafood BC,Tsa-ya,50.6133,-126.33073,Broughton Archipelago,In-Feed Treatment
2023-01-14,1825,Grieg Seafood BC,Noo-la,50.60799,-126.36301,Broughton Archipelago,In-Feed Treatment
2023-01-14,1895,MOWI Canada West,Sheep Passage,52.79609,-128.31093,Central Coast,Non-Medicinal Bath Treatment
2023-01-14,1839,Grieg Seafood BC,Wa-kwa,50.60106,-126.34741,Broughton Archipelago,In-Feed Treatment
2023-01-15,540,Cermaq Canada,Fortune Channel,49.23503,-125.75174,Clayoquot Sound,Mechanical Removal
2023-01-20,7273,Grieg Seafood BC,Tsa-ya,50.6133,-126.33073,Broughton Archipelago,Mechanical Removal
2023-01-22,520,Cermaq Canada,Bedwell,49.26548,-125.81247,Clayoquot Sound,Mechanical Removal
2023-01-24,6668,Cermaq Canada,Plover Point,49.21438,-125.76603,Clayoquot Sound,Mechanical Removal
2023-01-25,1288,MOWI Canada West,Doyle Island,50.81456,-127.48698,Port Hardy,Non-Medicinal Bath Treatment
2023-01-26,1825,Grieg Seafood BC,Noo-la,50.60799,-126.36301,Broughton Archipelago,Mechanical Removal
2023-01-26,1839,Grieg Seafood BC,Wa-kwa,50.60106,-126.34741,Broughton Archipelago,Medicinal Bath Treatment
2023-01-27,7714,MOWI Canada West,Alexander,52.67648,-128.57494,Central Coast,In-Feed Treatment
2023-02-06,1586,MOWI Canada West,Doctor Islets,50.65373,-126.28925,Broughton Archipelago,In-Feed Treatment
2023-02-14,1136,MOWI Canada West,Shaw Point,50.48527,-125.88981,Discovery Islands,Mechanical Removal
2023-02-20,1537,Cermaq Canada,Bare Bluff,49.32702,-125.79902,Clayoquot Sound,Non-Medicinal Bath Treatment
2023-02-20,1586,MOWI Canada West,Doctor Islets,50.65373,-126.28925,Broughton Archipelago,Mechanical Removal
2023-02-26,1863,Grieg Seafood BC,Esperanza,49.87814,-126.76145,Esperanza Inlet,Medicinal Bath Treatment
2023-02-28,6668,Cermaq Canada,Plover Point,49.21438,-125.76603,Clayoquot Sound,Mechanical Removal
2023-03-02,1079,Grieg Seafood BC,Steamer,49.88761,-126.79088,Esperanza Inlet,Mechanical Removal
2023-03-06,520,Cermaq Canada,Bedwell,49.26548,-125.81247,Clayoquot Sound,Mechanical Removal
2023-03-06,1078,Grieg Seafood BC,Lutes Creek,49.88622,-126.76976,Esperanza Inlet,Non-Medicinal Bath Treatment
2023-03-09,540,Cermaq Canada,Fortune Channel,49.23503,-125.75174,Clayoquot Sound,Mechanical Removal
2023-03-11,1078,Grieg Seafood BC,Lutes Creek,49.88622,-126.76976,Esperanza Inlet,Mechanical Removal
2023-03-18,520,Cermaq Canada,Bedwell,49.26548,-125.81247,Clayoquot Sound,Mechanical Removal
2023-03-22,7273,Grieg Seafood BC,Tsa-ya,50.6133,-126.33073,Broughton Archipelago,Mechanical Removal
2023-03-24,1300,MOWI Canada West,Althorpe,50.47531,-125.80975,Discovery Islands,Non-Medicinal Bath Treatment
2023-03-25,6668,Cermaq Canada,Plover Point,49.21438,-125.76603,Clayoquot Sound,Mechanical Removal
2023-04-01,540,Cermaq Canada,Fortune Channel,49.23503,-125.75174,Clayoquot Sound,Mechanical Removal
2023-04-02,520,Cermaq Canada,Bedwell,49.26548,-125.81247,Clayoquot Sound,Mechanical Removal
2023-04-09,7053,MOWI Canada West,Ghi ya,50.90078,-127.93638,Port Hardy,In-Feed Treatment
2023-04-11,6668,Cermaq Canada,Plover Point,49.21438,-125.76603,Clayoquot Sound,Mechanical Removal
2023-04-14,1586,MOWI Canada West,Doctor Islets,50.65373,-126.28925,Broughton Archipelago,Non-Medicinal Bath Treatment
2023-04-14,1079,Grieg Seafood BC,Steamer,49.88761,-126.79088,Esperanza Inlet,Mechanical Removal
2023-04-21,1537,Cermaq Canada,Bare Bluff,49.32702,-125.79902,Clayoquot Sound,Mechanical Removal
2023-04-21,6668,Cermaq Canada,Plover Point,49.21438,-125.76603,Clayoquot Sound,In-Feed Treatment
2023-04-27,1078,Grieg Seafood BC,Lutes Creek,49.88622,-126.76976,Esperanza Inlet,Medicinal Bath Treatment
2023-04-28,1825,Grieg Seafood BC,Noo-la,50.60799,-126.36301,Broughton Archipelago,Mechanical Removal
2023-04-30,1537,Cermaq Canada,Bare Bluff,49.32702,-125.79902,Clayoquot Sound,Mechanical Removal
2023-05-03,1136,MOWI Canada West,Shaw Point,50.48527,-125.88981,Discovery Islands,Non-Medicinal Bath Treatment
2023-05-07,1839,Grieg Seafood BC,Wa-kwa,50.60106,-126.34741,Broughton Archipelago,Mechanical Removal
2023-05-08,1863,Grieg Seafood BC,Esperanza,49.87814,-126.76145,Esperanza Inlet,Medicinal Bath Treatment
2023-05-09,6668,Cermaq Canada,Plover Point,49.21438,-125.76603,Clayoquot Sound,Mechanical Removal
2023-05-15,7273,Grieg Seafood BC,Tsa-ya,50.6133,-126.33073,Broughton Archipelago,Mechanical Removal
2023-05-26,1079,Grieg Seafood BC,Steamer,49.88761,-126.79088,Esperanza Inlet,Medicinal Bath Treatment
2023-05-28,7273,Grieg Seafood BC,Tsa-ya,50.6133,-126.33073,Broughton Archipelago,Non-Medicinal Bath Treatment
2023-06-21,1586,MOWI Canada West,Doctor Islets,50.65373,-126.28925,Broughton Archipelago,Non-Medicinal Bath Treatment
2023-06-22,1825,Grieg Seafood BC,Noo-la,50.60799,-126.36301,Broughton Archipelago,Mechanical Removal
2023-06-23,1078,Grieg Seafood BC,Lutes Creek,49.88622,-126.76976,Esperanza Inlet,Medicinal Bath Treatment
2023-06-24,1839,Grieg Seafood BC,Wa-kwa,50.60106,-126.34741,Broughton Archipelago,Mechanical Removal
2023-07-01,1863,Grieg Seafood BC,Esperanza,49.87814,-126.76145,Esperanza Inlet,Harvest
2023-07-03,1300,MOWI Canada West,Althorpe,50.47531,-125.80975,Discovery Islands,Non-Medicinal Bath Treatment
2023-07-03,1300,MOWI Canada West,Althorpe,50.47531,-125.80975,Discovery Islands,Mechanical Removal
2023-07-05,1895,MOWI Canada West,Sheep Passage,52.79609,-128.31093,Central Coast,In-Feed Treatment
2023-07-11,1338,MOWI Canada West,Mahatta East,50.474562,-127.787808,Quatsino Sound,In-Feed Treatment
2023-07-12,1238,MOWI Canada West,Mahatta West,50.4691416,-127.835771,Quatsino Sound,In-Feed Treatment
2023-07-13,1288,MOWI Canada West,Doyle Island,50.81456,-127.48698,Port Hardy,Non-Medicinal Bath Treatment
2023-07-13,144,MOWI Canada West,Koskimo,50.45861,-127.88988,Quatsino Sound,In-Feed Treatment
2023-07-15,1079,Grieg Seafood BC,Steamer,49.88761,-126.79088,Esperanza Inlet,Mechanical Removal
2023-07-19,1079,Grieg Seafood BC,Steamer,49.88761,-126.79088,Esperanza Inlet,Harvest
2023-07-20,1702,MOWI Canada West,Goat Cove,52.78726,-128.4199,Central Coast,Non-Medicinal Bath Treatment
2023-07-22,7273,Grieg Seafood BC,Tsa-ya,50.6133,-126.33073,Broughton Archipelago,Mechanical Removal
2023-07-28,1691,MOWI Canada West,Kid Bay,52.80108,-128.40431,Central Coast,Non-Medicinal Bath Treatment
2023-07-31,1507,Cermaq Canada,Millar Channel,49.37622,-126.09003,Clayoquot Sound,Mechanical Removal
2023-08-02,234,Cermaq Canada,Dixon Bay,49.405,-126.15055,Clayoquot Sound,Mechanical Removal
2023-08-15,227,Cermaq Canada,Bawden,49.30905,-126.00742,Clayoquot Sound,Mechanical Removal
2023-08-16,314,Cermaq Canada,Ross Pass,49.32437,-126.04849,Clayoquot Sound,Mechanical Removal
2023-08-17,1839,Grieg Seafood BC,Wa-kwa,50.60106,-126.34741,Broughton Archipelago,Mechanical Removal
2023-08-20,1136,MOWI Canada West,Shaw Point,50.48527,-125.88981,Discovery Islands,In-Feed Treatment
2023-08-21,1300,MOWI Canada West,Althorpe,50.47531,-125.80975,Discovery Islands,In-Feed Treatment
2023-08-28,1288,MOWI Canada West,Doyle Island,50.81456,-127.48698,Port Hardy,Harvest
2023-08-28,1825,Grieg Seafood BC,Noo-la,50.60799,-126.36301,Broughton Archipelago,Mechanical Removal
2023-08-29,1702,MOWI Canada West,Goat Cove,52.78726,-128.4199,Central Coast,In-Feed Treatment
2023-09-02,1762,Grieg Seafood BC,Gore,49.6466,-126.43167,Nootka Sound,In-Feed Treatment
2023-09-02,1507,Cermaq Canada,Millar Channel,49.37622,-126.09003,Clayoquot Sound,In-Feed Treatment
2023-09-03,1789,Grieg Seafood BC,Concepcion,49.65923,-126.47587,Nootka Sound,In-Feed Treatment
2023-09-03,1705,Grieg Seafood BC,Williamson,49.65623,-126.42849,Nootka Sound,In-Feed Treatment
2023-09-04,1849,Grieg Seafood BC,Muchalat North,49.64394,-126.33953,Nootka Sound,In-Feed Treatment
2023-09-05,1691,MOWI Canada West,Kid Bay,52.80108,-128.40431,Central Coast,Mechanical Removal
2023-09-18,892,MOWI Canada West,Bell Island,50.83242,-127.52057,Port Hardy,Non-Medicinal Bath Treatment
2023-09-19,1762,Grieg Seafood BC,Gore,49.6466,-126.43167,Nootka Sound,Medicinal Bath Treatment
2023-09-21,7273,Grieg Seafood BC,Tsa-ya,50.6133,-126.33073,Broughton Archipelago,Mechanical Removal
2023-09-24,234,Cermaq Canada,Dixon Bay,49.405,-126.15055,Clayoquot Sound,In-Feed Treatment
2023-09-26,1789,Grieg Seafood BC,Concepcion,49.65923,-126.47587,Nootka Sound,Medicinal Bath Treatment
2023-10-03,831,MOWI Canada West,Shelter Pass,50.88414,-127.5004,Port Hardy,Non-Medicinal Bath Treatment
2023-10-04,1691,MOWI Canada West,Kid Bay,52.80108,-128.40431,Central Coast,Mechanical Removal
2023-10-07,1762,Grieg Seafood BC,Gore,49.6466,-126.43167,Nootka Sound,Medicinal Bath Treatment
2023-10-09,1705,Grieg Seafood BC,Williamson,49.65623,-126.42849,Nootka Sound,Medicinal Bath Treatment
2023-10-12,7273,Grieg Seafood BC,Tsa-ya,50.6133,-126.33073,Broughton Archipelago,Harvest
2023-10-16,1825,Grieg Seafood BC,Noo-la,50.60799,-126.36301,Broughton Archipelago,Harvest
2023-10-18,1849,Grieg Seafood BC,Muchalat North,49.64394,-126.33953,Nootka Sound,Medicinal Bath Treatment
2023-10-29,1691,MOWI Canada West,Kid Bay,52.80108,-128.40431,Central Coast,Mechanical Removal
2023-11-03,314,Cermaq Canada,Ross Pass,49.32437,-126.04849,Clayoquot Sound,Mechanical Removal
2023-11-03,831,MOWI Canada West,Shelter Pass,50.88414,-127.5004,Port Hardy,In-Feed Treatment
2023-11-07,1839,Grieg Seafood BC,Wa-kwa,50.60106,-126.34741,Broughton Archipelago,Mechanical Removal
2023-11-12,1351,MOWI Canada West,Marsh Bay,50.90567,-127.34239,Port Hardy,Non-Medicinal Bath Treatment
2023-11-14,1849,Grieg Seafood BC,Muchalat North,49.64394,-126.33953,Nootka Sound,Medicinal Bath Treatment
2023-11-19,314,Cermaq Canada,Ross Pass,49.32437,-126.04849,Clayoquot Sound,In-Feed Treatment
2023-11-25,1849,Grieg Seafood BC,Muchalat North,49.64394,-126.33953,Nootka Sound,Medicinal Bath Treatment
2023-12-22,1691,MOWI Canada West,Kid Bay,52.80108,-128.40431,Central Coast,In-Feed Treatment
2024-01-04,1762,Grieg Seafood BC,Gore,49.6466,-126.43167,Nootka Sound,Medicinal Bath Treatment
2024-01-05,1702,MOWI Canada West,Goat Cove,52.78726,-128.4199,Central Coast,Non-Medicinal Bath Treatment
2024-01-08,1136,MOWI Canada West,Shaw Point,50.48527,-125.88981,Discovery Islands,Mechanical Removal
2024-01-09,1351,MOWI Canada West,Marsh Bay,50.90567,-127.34239,Port Hardy,In-Feed Treatment
2024-01-09,1507,Cermaq Canada,Millar Channel,49.37622,-126.09003,Clayoquot Sound,Mechanical Removal
2024-01-16,1705,Grieg Seafood BC,Williamson,49.65623,-126.42849,Nootka Sound,Mechanical Removal
2024-01-18,1338,MOWI Canada West,Mahatta East,50.474562,-127.787808,Quatsino Sound,Non-Medicinal Bath Treatment
2024-01-21,1738,Grieg Seafood BC,Atrevida,49.65603,-126.45404,Nootka Sound,Medicinal Bath Treatment
2024-01-25,1136,MOWI Canada West,Shaw Point,50.48527,-125.88981,Discovery Islands,Non-Medicinal Bath Treatment
2024-01-29,1789,Grieg Seafood BC,Concepcion,49.65923,-126.47587,Nootka Sound,Mechanical Removal
2024-01-29,1238,MOWI Canada West,Mahatta West,50.4691416,-127.835771,Quatsino Sound,Non-Medicinal Bath Treatment
2024-01-30,1237,MOWI Canada West,Monday Rocks,50.485621,-127.8761792,Quatsino Sound,In-Feed Treatment
2024-02-01,1705,Grieg Seafood BC,Williamson,49.65623,-126.42849,Nootka Sound,Medicinal Bath Treatment
2024-02-05,227,Cermaq Canada,Bawden,49.30905,-126.00742,Clayoquot Sound,Mechanical Removal
2024-02-09,314,Cermaq Canada,Ross Pass,49.32437,-126.04849,Clayoquot Sound,Mechanical Removal
2024-02-10,1849,Grieg Seafood BC,Muchalat North,49.64394,-126.33953,Nootka Sound,Mechanical Removal
2024-02-15,234,Cermaq Canada,Dixon Bay,49.405,-126.15055,Clayoquot Sound,Mechanical Removal
2024-02-15,144,MOWI Canada West,Koskimo,50.45861,-127.88988,Quatsino Sound,Non-Medicinal Bath Treatment
2024-02-18,1762,Grieg Seafood BC,Gore,49.6466,-126.43167,Nootka Sound,Mechanical Removal
2024-02-23,227,Cermaq Canada,Bawden,49.30905,-126.00742,Clayoquot Sound,Mechanical Removal
2024-02-26,1702,MOWI Canada West,Goat Cove,52.78726,-128.4199,Central Coast,Mechanical Removal
2024-02-27,1738,Grieg Seafood BC,Atrevida,49.65603,-126.45404,Nootka Sound,Mechanical Removal
2024-02-28,1338,MOWI Canada West,Mahatta East,50.474562,-127.787808,Quatsino Sound,Non-Medicinal Bath Treatment
2024-02-28,1507,Cermaq Canada,Millar Channel,49.37622,-126.09003,Clayoquot Sound,Mechanical Removal
2024-02-29,892,MOWI Canada West,Bell Island,50.83242,-127.52057,Port Hardy,Non-Medicinal Bath Treatment
2024-02-29,1789,Grieg Seafood BC,Concepcion,49.65923,-126.47587,Nootka Sound,Medicinal Bath Treatment
2024-03-08,1705,Grieg Seafood BC,Williamson,49.65623,-126.42849,Nootka Sound,Mechanical Removal
2024-03-10,234,Cermaq Canada,Dixon Bay,49.405,-126.15055,Clayoquot Sound,Mechanical Removal
2024-03-17,1789,Grieg Seafood BC,Concepcion,49.65923,-126.47587,Nootka Sound,Mechanical Removal
2024-03-18,227,Cermaq Canada,Bawden,49.30905,-126.00742,Clayoquot Sound,Mechanical Removal
2024-03-19,1507,Cermaq Canada,Millar Channel,49.37622,-126.09003,Clayoquot Sound,Mechanical Removal
2024-03-24,1789,Grieg Seafood BC,Concepcion,49.65923,-126.47587,Nootka Sound,Medicinal Bath Treatment
2024-03-25,144,MOWI Canada West,Koskimo,50.45861,-127.88988,Quatsino Sound,Harvest
2024-03-26,1238,MOWI Canada West,Mahatta West,50.4691416,-127.835771,Quatsino Sound,Non-Medicinal Bath Treatment
2024-03-27,1762,Grieg Seafood BC,Gore,49.6466,-126.43167,Nootka Sound,Mechanical Removal
2024-03-27,314,Cermaq Canada,Ross Pass,49.32437,-126.04849,Clayoquot Sound,Mechanical Removal
2024-03-29,234,Cermaq Canada,Dixon Bay,49.405,-126.15055,Clayoquot Sound,Mechanical Removal
2024-03-30,314,Cermaq Canada,Ross Pass,49.32437,-126.04849,Clayoquot Sound,Mechanical Removal
2024-04-01,314,Cermaq Canada,Ross Pass,49.32437,-126.04849,Clayoquot Sound,Mechanical Removal
2024-04-03,1849,Grieg Seafood BC,Muchalat North,49.64394,-126.33953,Nootka Sound,Medicinal Bath Treatment
2024-04-06,1738,Grieg Seafood BC,Atrevida,49.65603,-126.45404,Nootka Sound,Mechanical Removal
2024-04-06,227,Cermaq Canada,Bawden,49.30905,-126.00742,Clayoquot Sound,Mechanical Removal
2024-04-09,1507,Cermaq Canada,Millar Channel,49.37622,-126.09003,Clayoquot Sound,Mechanical Removal
2024-04-13,1136,MOWI Canada West,Shaw Point,50.48527,-125.88981,Discovery Islands,Non-Medicinal Bath Treatment
2024-04-14,314,Cermaq Canada,Ross Pass,49.32437,-126.04849,Clayoquot Sound,Mechanical Removal
2024-04-15,1849,Grieg Seafood BC,Muchalat North,49.64394,-126.33953,Nootka Sound,Mechanical Removal
2024-04-20,227,Cermaq Canada,Bawden,49.30905,-126.00742,Clayoquot Sound,Mechanical Removal
2024-04-20,1702,MOWI Canada West,Goat Cove,52.78726,-128.4199,Central Coast,Non-Medicinal Bath Treatment
2024-04-25,1507,Cermaq Canada,Millar Channel,49.37622,-126.09003,Clayoquot Sound,Mechanical Removal
2024-04-28,234,Cermaq Canada,Dixon Bay,49.405,-126.15055,Clayoquot Sound,Mechanical Removal
2024-04-29,1789,Grieg Seafood BC,Concepcion,49.65923,-126.47587,Nootka Sound,Mechanical Removal
2024-05-04,7714,MOWI Canada West,Alexander,52.67648,-128.57494,Central Coast,Non-Medicinal Bath Treatment
2024-05-06,1507,Cermaq Canada,Millar Channel,49.37622,-126.09003,Clayoquot Sound,Mechanical Removal
2024-05-07,1762,Grieg Seafood BC,Gore,49.6466,-126.43167,Nootka Sound,Mechanical Removal
2024-05-08,1705,Grieg Seafood BC,Williamson,49.65623,-126.42849,Nootka Sound,Medicinal Bath Treatment
2024-05-11,227,Cermaq Canada,Bawden,49.30905,-126.00742,Clayoquot Sound,Mechanical Removal
2024-05-17,1507,Cermaq Canada,Millar Channel,49.37622,-126.09003,Clayoquot Sound,Mechanical Removal
2024-05-31,234,Cermaq Canada,Dixon Bay,49.405,-126.15055,Clayoquot Sound,Mechanical Removal
2024-06-03,1738,Grieg Seafood BC,Atrevida,49.65603,-126.45404,Nootka Sound,Mechanical Removal
2024-06-05,1849,Grieg Seafood BC,Muchalat North,49.64394,-126.33953,Nootka Sound,Medicinal Bath Treatment
2024-06-06,227,Cermaq Canada,Bawden,49.30905,-126.00742,Clayoquot Sound,Mechanical Removal
2024-06-07,1789,Grieg Seafood BC,Concepcion,49.65923,-126.47587,Nootka Sound,Non-Medicinal Bath Treatment
2024-06-08,1762,Grieg Seafood BC,Gore,49.6466,-126.43167,Nootka Sound,Harvest
2024-06-10,1738,Grieg Seafood BC,Atrevida,49.65603,-126.45404,Nootka Sound,Non-Medicinal Bath Treatment
2024-06-18,1738,Grieg Seafood BC,Atrevida,49.65603,-126.45404,Nootka Sound,Medicinal Bath Treatment
2024-06-23,1705,Grieg Seafood BC,Williamson,49.65623,-126.42849,Nootka Sound,Medicinal Bath Treatment
2024-06-25,1789,Grieg Seafood BC,Concepcion,49.65923,-126.47587,Nootka Sound,Mechanical Removal
2024-06-26,1351,MOWI Canada West,Marsh Bay,50.90567,-127.34239,Port Hardy,Non-Medicinal Bath Treatment
2024-07-04,831,MOWI Canada West,Shelter Pass,50.88414,-127.5004,Port Hardy,Mechanical Removal
2024-07-06,1702,MOWI Canada West,Goat Cove,52.78726,-128.4199,Central Coast,In-Feed Treatment
2024-07-08,234,Cermaq Canada,Dixon Bay,49.405,-126.15055,Clayoquot Sound,Harvest
2024-07-13,1705,Grieg Seafood BC,Williamson,49.65623,-126.42849,Nootka Sound,Medicinal Bath Treatment
2024-07-19,1351,MOWI Canada West,Marsh Bay,50.90567,-127.34239,Port Hardy,In-Feed Treatment
2024-07-27,7714,MOWI Canada West,Alexander,52.67648,-128.57494,Central Coast,Mechanical Removal
2024-07-30,1702,MOWI Canada West,Goat Cove,52.78726,-128.4199,Central Coast,Non-Medicinal Bath Treatment
2024-08-14,1078,Grieg Seafood BC,Lutes Creek,49.88622,-126.76976,Esperanza Inlet,In-Feed Treatment
2024-08-15,1293,MOWI Canada West,Duncan Island,50.8195,-127.55568,Port Hardy,Non-Medicinal Bath Treatment
2024-08-28,831,MOWI Canada West,Shelter Pass,50.88414,-127.5004,Port Hardy,Mechanical Removal
2024-08-30,1288,MOWI Canada West,Doyle Island,50.81456,-127.48698,Port Hardy,Non-Medicinal Bath Treatment
2024-09-02,1702,MOWI Canada West,Goat Cove,52.78726,-128.4199,Central Coast,Harvest
2024-09-06,1078,Grieg Seafood BC,Lutes Creek,49.88622,-126.76976,Esperanza Inlet,Medicinal Bath Treatment
2024-09-07,1863,Grieg Seafood BC,Esperanza,49.87814,-126.76145,Esperanza Inlet,In-Feed Treatment
2024-09-08,1789,Grieg Seafood BC,Concepcion,49.65923,-126.47587,Nootka Sound,In-Feed Treatment
2024-09-08,7053,MOWI Canada West,Ghi ya,50.90078,-127.93638,Port Hardy,In-Feed Treatment
2024-09-12,7714,MOWI Canada West,Alexander,52.67648,-128.57494,Central Coast,In-Feed Treatment
2024-09-12,831,MOWI Canada West,Shelter Pass,50.88414,-127.5004,Port Hardy,In-Feed Treatment
2024-09-15,1350,MOWI Canada West,Shelter Bay,50.96555,-127.45345,Port Hardy,Non-Medicinal Bath Treatment
2024-09-17,1863,Grieg Seafood BC,Esperanza,49.87814,-126.76145,Esperanza Inlet,Medicinal Bath Treatment
2024-09-25,1789,Grieg Seafood BC,Concepcion,49.65923,-126.47587,Nootka Sound,Medicinal Bath Treatment
2024-09-25,1288,MOWI Canada West,Doyle Island,50.81456,-127.48698,Port Hardy,In-Feed Treatment
2024-09-28,1293,MOWI Canada West,Duncan Island,50.8195,-127.55568,Port Hardy,In-Feed Treatment
2024-10-01,1136,MOWI Canada West,Shaw Point,50.48527,-125.88981,Discovery Islands,Non-Medicinal Bath Treatment
2024-10-07,1350,MOWI Canada West,Shelter Bay,50.96555,-127.45345,Port Hardy,In-Feed Treatment
2024-10-08,7053,MOWI Canada West,Ghi ya,50.90078,-127.93638,Port Hardy,Non-Medicinal Bath Treatment
2024-10-13,1136,MOWI Canada West,Shaw Point,50.48527,-125.88981,Discovery Islands,In-Feed Treatment
2024-10-17,7054,MOWI Canada West,Wanx talis,50.89322,-127.89568,Port Hardy,In-Feed Treatment
2024-10-24,1895,MOWI Canada West,Sheep Passage,52.79609,-128.31093,Central Coast,Medicinal Bath Treatment
2024-10-28,1078,Grieg Seafood BC,Lutes Creek,49.88622,-126.76976,Esperanza Inlet,Mechanical Removal
2025-01-10,1078,Grieg Seafood BC,Lutes Creek,49.88622,-126.76976,Esperanza Inlet,Medicinal Bath Treatment
2025-01-12,1895,MOWI Canada West,Sheep Passage,52.79609,-128.31093,Central Coast,Medicinal Bath Treatment
2025-01-16,7714,MOWI Canada West,Alexander,52.67648,-128.57494,Central Coast,Medicinal Bath Treatment
2025-01-18,1825,Grieg Seafood BC,Noo-la,50.60799,-126.36301,Broughton Archipelago,In-Feed Treatment
2025-01-18,526,Cermaq Canada,Rant Point,49.2567,-125.84153,Clayoquot Sound,In-Feed Treatment
2025-01-18,1839,Grieg Seafood BC,Wa-kwa,50.60106,-126.34741,Broughton Archipelago,In-Feed Treatment
2025-01-20,1293,MOWI Canada West,Duncan Island,50.8195,-127.55568,Port Hardy,Mechanical Removal
2025-01-23,6668,Cermaq Canada,Plover Point,49.21438,-125.76603,Clayoquot Sound,In-Feed Treatment
2025-01-25,1288,MOWI Canada West,Doyle Island,50.81456,-127.48698,Port Hardy,Non-Medicinal Bath Treatment
2025-01-26,1863,Grieg Seafood BC,Esperanza,49.87814,-126.76145,Esperanza Inlet,Mechanical Removal
2025-01-27,1472,Cermaq Canada,West Side,49.27928,-125.83065,Clayoquot Sound,In-Feed Treatment
2025-02-01,1839,Grieg Seafood BC,Wa-kwa,50.60106,-126.34741,Broughton Archipelago,Medicinal Bath Treatment
2025-02-13,1863,Grieg Seafood BC,Esperanza,49.87814,-126.76145,Esperanza Inlet,Medicinal Bath Treatment
2025-02-13,7053,MOWI Canada West,Ghi ya,50.90078,-127.93638,Port Hardy,Non-Medicinal Bath Treatment; Mechanical Removal
2025-02-14,7054,MOWI Canada West,Wanx talis,50.89322,-127.89568,Port Hardy,Non-Medicinal Bath Treatment; Mechanical Removal
2025-02-17,1291,Cermaq Canada,McIntyre Lake,49.30557,-125.81583,Clayoquot Sound,In-Feed Treatment
2025-02-28,1293,MOWI Canada West,Duncan Island,50.8195,-127.55568,Port Hardy,Non-Medicinal Bath Treatment
2025-02-28,1078,Grieg Seafood BC,Lutes Creek,49.88622,-126.76976,Esperanza Inlet,Medicinal Bath Treatment; Mechanical Removal
2025-03-07,1350,MOWI Canada West,Shelter Bay,50.96555,-127.45345,Port Hardy,In-Feed Treatment
2025-03-18,1293,MOWI Canada West,Duncan Island,50.8195,-127.55568,Port Hardy,In-Feed Treatment
2025-03-23,1863,Grieg Seafood BC,Esperanza,49.87814,-126.76145,Esperanza Inlet,Mechanical Removal
2025-03-26,7714,MOWI Canada West,Alexander,52.67648,-128.57494,Central Coast,Medicinal Bath Treatment
2025-04-06,1895,MOWI Canada West,Sheep Passage,52.79609,-128.31093,Central Coast,Medicinal Bath Treatment
2025-04-12,1691,MOWI Canada West,Kid Bay,52.801081,-128.404313,Central Coast,Non-Medicinal Bath Treatment
2025-05-03,1288,MOWI Canada West,Doyle Island,50.81456,-127.48698,Port Hardy,Non-Medicinal Bath Treatment
2025-05-20,7054,MOWI Canada West,Wanx talis,50.89322,-127.89568,Port Hardy,In-Feed Treatment
2025-06-03,1863,Grieg Seafood BC,Esperanza,-126.76145,49.87814,Esperanza Inlet,Harvest
2025-06-03,7054,MOWI Canada West,Wanx talis,50.89322,-127.89568,Port Hardy,Medicinal Bath Treatment; Non-Medicinal Bath Treatment
2025-06-12,1078,Grieg Seafood BC,Lutes Creek,-126.76976,49.88622,Esperanza Inlet,Harvest
2025-06-19,1350,MOWI Canada West,Shelter Bay,-127.45345,50.96555,Port Hardy,Harvest
2025-07-02,1238,MOWI Canada West,Mahatta West,50.4691416,-127.835771,Quatsino Sound,In-Feed Treatment
2025-07-03,1288,MOWI Canada West,Doyle Island,50.81456,-127.48698,Port Hardy,In-Feed Treatment
2025-07-03,1338,MOWI Canada West,Mahatta East,50.474562,-127.787808,Quatsino Sound,In-Feed Treatment
2025-07-04,1293,MOWI Canada West,Duncan Island,50.8195,-127.55568,Port Hardy,Harvest
2025-07-09,1895,MOWI Canada West,Sheep Passage,52.79609,-128.31093,Central Coast,In-Feed Treatment
2025-07-10,7053,MOWI Canada West,Ghi ya,50.90078,-127.93638,Port Hardy,In-Feed Treatment
2025-07-18,144,MOWI Canada West,Koskimo,50.45861,-127.88988,Quatsino Sound,In-Feed Treatment
2025-08-01,1691,MOWI Canada West,Kid Bay,52.80108,-128.40431,Central Coast,Non-Medicinal Bath Treatment
2025-08-29,7054,MOWI Canada West,Wanx talis,50.89322,-127.89568,Port Hardy,Harvest
2025-09-01,7053,MOWI Canada West,Ghi ya,50.90078,-127.93638,Port Hardy,Harvest
2025-09-04,1702,MOWI Canada West,Goat Cove,52.78726,-128.4199,Central Coast,Non-Medicinal Bath Treatment
2025-09-05,1849,Grieg Seafood BC,Muchalat North,49.64394,-126.33953,Nootka Sound,In-Feed Treatment
2025-09-12,1789,Grieg Seafood BC,Concepcion,49.65923,-126.47587,Nootka Sound,In-Feed Treatment
2025-09-12,1762,Grieg Seafood BC,Gore,49.6466,-126.43167,Nootka Sound,In-Feed Treatment
2025-09-12,1705,Grieg Seafood BC,Williamson,49.65623,-126.42849,Nootka Sound,In-Feed Treatment
2025-09-19,1849,Grieg Seafood BC,Muchalat North,49.64394,-126.33953,Nootka Sound,Medicinal Bath Treatment
2025-09-25,831,MOWI Canada West,Shelter Pass,50.88414,-127.5004,Port Hardy,Non-Medicinal Bath Treatment
2025-10-01,1691,MOWI Canada West,Kid Bay,52.80108,-128.40431,Central Coast,Mechanical Removal
2025-10-03,1705,Grieg Seafood BC,Williamson,49.65623,-126.42849,Nootka Sound,Medicinal Bath Treatment
2025-10-06,1288,MOWI Canada West,Doyle Island,50.81456,-127.48698,Port Hardy,Harvest
2025-10-08,1863,Grieg Seafood BC,Esperanza,49.87814,-126.76145,Esperanza Inlet,Medicinal Bath Treatment
2025-10-08,1691,MOWI Canada West,Kid Bay,52.80108,-128.40431,Central Coast,In-Feed Treatment
2025-10-12,1300,MOWI Canada West,Althorpe,50.47531,-125.80975,Discovery Islands,In-Feed Treatment
2025-10-12,1136,MOWI Canada West,Shaw Point,50.48527,-125.88981,Discovery Islands,In-Feed Treatment
2025-10-14,1762,Grieg Seafood BC,Gore,49.6466,-126.43167,Nootka Sound,Medicinal Bath Treatment
2025-10-14,1351,MOWI Canada West,Marsh Bay,50.90567,-127.34239,Port Hardy,Medicinal Bath Treatment
2025-10-27,1789,Grieg Seafood BC,Concepcion,49.65923,-126.47587,Nootka Sound,Medicinal Bath Treatment
2025-11-02,1839,Grieg Seafood BC,Wa-kwa,50.60106,-126.34741,Broughton Archipelago,Harvest
2025-11-11,1238,MOWI Canada West,Mahatta West,50.4691416,-127.835771,Quatsino Sound,Non-Medicinal Bath Treatment
2025-11-16,1237,MOWI Canada West,Monday Rocks,50.485621,-127.8761792,Quatsino Sound,In-Feed Treatment
2025-11-25,1705,Grieg Seafood BC,Williamson,49.65623,-126.42849,Nootka Sound,Medicinal Bath Treatment
2025-11-26,1338,MOWI Canada West,Mahatta East,50.474562,-127.787808,Quatsino Sound,Non-Medicinal Bath Treatment
2025-11-28,227,Cermaq Canada,Bawden,49.30905,-126.00742,Clayoquot Sound,In-Feed Treatment
2025-11-30,1507,Cermaq Canada,Millar Channel,49.37622,-126.09003,Clayoquot Sound,In-Feed Treatment
2025-12-05,234,Cermaq Canada,Dixon Bay,49.405,-126.15055,Clayoquot Sound,In-Feed Treatment
2025-12-08,1351,MOWI Canada West,Marsh Bay,50.90567,-127.34239,Port Hardy,In-Feed Treatment
2025-12-08,831,MOWI Canada West,Shelter Pass,50.88414,-127.5004,Port Hardy,In-Feed Treatment
2025-12-11,314,Cermaq Canada,Ross Pass,49.32437,-126.04849,Clayoquot Sound,In-Feed Treatment
2025-12-22,144,MOWI Canada West,Koskimo,50.45861,-127.88988,Quatsino Sound,Non-Medicinal Bath Treatment
2025-12-22,1238,MOWI Canada West,Mahatta West,50.4691416,-127.835771,Quatsino Sound,In-Feed Treatment
2025-12-24,1338,MOWI Canada West,Mahatta East,50.474562,-127.787808,Quatsino Sound,In-Feed Treatment
2025-12-28,1789,Grieg Seafood BC,Concepcion,49.65923,-126.47587,Nootka Sound,Medicinal Bath Treatment
